"상품ID","상품관리번호","상품명","정렬순서","사이즈명칭","사이즈단위","검색용사이즈","색상명칭","색상계열","재고상태","보유재고수량","색상사이즈교체","기장","어깨너비","가슴둘레","소매길이","허리둘레","엉덩이둘레","총길이","너비","밑위","인심","허벅지둘레","밑단둘레","스커트길이","탑","언더","높이","굽높이","부츠통둘레","발볼","옆폭","손잡이","스트랩","깊이","세로","가로","두께","길이","탑세로","탑가로","둘레","손목둘레","다이얼세로","다이얼가로","프레임세로","프레임가로","렌즈세로","렌즈가로","안경다리","전체길이","최대너비","머리둘레","챙","직경"
"122487011","","【PRADA】★ブラッシュドレザー Monolith 厚底ブーツ","1","FR36","","220","BLACK","2","2","1","","","","","","","","","","","","","","","","","","","","","","","","","","","","","","","","","","","","","","","","","","","",""
"122487011","","【PRADA】★ブラッシュドレザー Monolith 厚底ブーツ","2","FR37","","230","BLACK","2","0","","","","","","","","","","","","","","","","","","","","","","","","","","","","","","","","","","","","","","","","","","","","",""
"122487011","","【PRADA】★ブラッシュドレザー Monolith 厚底ブーツ","3","FR38+30,000\","","240","BLACK","2","0","","","","","","","","","","","","","","","","","","","","","","","","","","","","","","","","","","","","","","","","","","","","",""
"122487011","","【PRADA】★ブラッシュドレザー Monolith 厚底ブーツ","4","FR39 +30,000\","","250","BLACK","2","0","","","","","","","","","","","","","","","","","","","","","","","","","","","","","","","","","","","","","","","","","","","","",""
"110682818","","☆PRADA ☆ ウールxカシミア クルーネック セーター☆","1","IT44","","2","White","1","0","","","","","","","","","","","","","","","","","","","","","","","","","","","","","","","","","","","","","","","","","","","","",""
"110682818","","☆PRADA ☆ ウールxカシミア クルーネック セーター☆","2","IT46","","3","White","1","1","","","","","","","","","","","","","","","","","","","","","","","","","","","","","","","","","","","","","","","","","","","","",""
"110682818","","☆PRADA ☆ ウールxカシミア クルーネック セーター☆","3","IT48","","3","White","1","0","","","","","","","","","","","","","","","","","","","","","","","","","","","","","","","","","","","","","","","","","","","","",""
"110682818","","☆PRADA ☆ ウールxカシミア クルーネック セーター☆","4","IT50","","4","White","1","0","","","","","","","","","","","","","","","","","","","","","","","","","","","","","","","","","","","","","","","","","","","","",""
"110682818","","☆PRADA ☆ ウールxカシミア クルーネック セーター☆","5","IT52","","4","White","1","0","","","","","","","","","","","","","","","","","","","","","","","","","","","","","","","","","","","","","","","","","","","","",""
"110682818","","☆PRADA ☆ ウールxカシミア クルーネック セーター☆","6","IT54","","5","White","1","0","","","","","","","","","","","","","","","","","","","","","","","","","","","","","","","","","","","","","","","","","","","","",""
"110682818","","☆PRADA ☆ ウールxカシミア クルーネック セーター☆","1","IT44","","2","Black","2","1","","","","","","","","","","","","","","","","","","","","","","","","","","","","","","","","","","","","","","","","","","","","",""
"110682818","","☆PRADA ☆ ウールxカシミア クルーネック セーター☆","2","IT46","","3","Black","2","1","","","","","","","","","","","","","","","","","","","","","","","","","","","","","","","","","","","","","","","","","","","","",""
"110682818","","☆PRADA ☆ ウールxカシミア クルーネック セーター☆","3","IT48","","3","Black","2","1","","","","","","","","","","","","","","","","","","","","","","","","","","","","","","","","","","","","","","","","","","","","",""
"110682818","","☆PRADA ☆ ウールxカシミア クルーネック セーター☆","4","IT50","","4","Black","2","1","","","","","","","","","","","","","","","","","","","","","","","","","","","","","","","","","","","","","","","","","","","","",""
"110682818","","☆PRADA ☆ ウールxカシミア クルーネック セーター☆","5","IT52","","4","Black","2","1","","","","","","","","","","","","","","","","","","","","","","","","","","","","","","","","","","","","","","","","","","","","",""
"110682818","","☆PRADA ☆ ウールxカシミア クルーネック セーター☆","6","IT54","","5","Black","2","0","","","","","","","","","","","","","","","","","","","","","","","","","","","","","","","","","","","","","","","","","","","","",""
"110682818","","☆PRADA ☆ ウールxカシミア クルーネック セーター☆","1","IT44","","2","Blue","7","0","","","","","","","","","","","","","","","","","","","","","","","","","","","","","","","","","","","","","","","","","","","","",""
"110682818","","☆PRADA ☆ ウールxカシミア クルーネック セーター☆","2","IT46","","3","Blue","7","0","","","","","","","","","","","","","","","","","","","","","","","","","","","","","","","","","","","","","","","","","","","","",""
"110682818","","☆PRADA ☆ ウールxカシミア クルーネック セーター☆","3","IT48","","3","Blue","7","0","","","","","","","","","","","","","","","","","","","","","","","","","","","","","","","","","","","","","","","","","","","","",""
"110682818","","☆PRADA ☆ ウールxカシミア クルーネック セーター☆","4","IT50","","4","Blue","7","0","","","","","","","","","","","","","","","","","","","","","","","","","","","","","","","","","","","","","","","","","","","","",""
"110682818","","☆PRADA ☆ ウールxカシミア クルーネック セーター☆","5","IT52","","4","Blue","7","1","","","","","","","","","","","","","","","","","","","","","","","","","","","","","","","","","","","","","","","","","","","","",""
"110682818","","☆PRADA ☆ ウールxカシミア クルーネック セーター☆","6","IT54","","5","Blue","7","0","","","","","","","","","","","","","","","","","","","","","","","","","","","","","","","","","","","","","","","","","","","","",""
"121911665","","PRADA【入手困難】アイコニック★Re-Nylon★ブルゾンジャケット","1","FR38","","3","black","2","1","","","68.0","55.0","120.0","50.0","","","","","","","","","","","","","","","","","","","","","","","","","","","","","","","","","","","","","","",""
"121911665","","PRADA【入手困難】アイコニック★Re-Nylon★ブルゾンジャケット","2","FR40","","3","black","2","1","","","69.0","55.0","122.0","51.0","","","","","","","","","","","","","","","","","","","","","","","","","","","","","","","","","","","","","","",""
"121911665","","PRADA【入手困難】アイコニック★Re-Nylon★ブルゾンジャケット","3","FR42","","4","black","2","1","","","70.0","56.0","124.0","51.0","","","","","","","","","","","","","","","","","","","","","","","","","","","","","","","","","","","","","","",""
"110695887","","PRADA スエードxシアリング スリッパ ロゴ","1","IT35","","220","Brown","4","0","","","","","","","","","","","","","","","","","","","","","","","","","","","","","","","","","","","","","","","","","","","","",""
"110695887","","PRADA スエードxシアリング スリッパ ロゴ","2","IT35.5","","225","Brown","4","0","","","","","","","","","","","","","","","","","","","","","","","","","","","","","","","","","","","","","","","","","","","","",""
"110695887","","PRADA スエードxシアリング スリッパ ロゴ","3","IT36","","230","Brown","4","1","","","","","","","","","","","","","","","","","","","","","","","","","","","","","","","","","","","","","","","","","","","","",""
"110695887","","PRADA スエードxシアリング スリッパ ロゴ","4","IT36.5","","235","Brown","4","0","","","","","","","","","","","","","","","","","","","","","","","","","","","","","","","","","","","","","","","","","","","","",""
"110695887","","PRADA スエードxシアリング スリッパ ロゴ","5","IT37","","240","Brown","4","0","","","","","","","","","","","","","","","","","","","","","","","","","","","","","","","","","","","","","","","","","","","","",""
"110695887","","PRADA スエードxシアリング スリッパ ロゴ","6","IT37.5","","245","Brown","4","0","","","","","","","","","","","","","","","","","","","","","","","","","","","","","","","","","","","","","","","","","","","","",""
"110695887","","PRADA スエードxシアリング スリッパ ロゴ","7","IT38","","250","Brown","4","0","","","","","","","","","","","","","","","","","","","","","","","","","","","","","","","","","","","","","","","","","","","","",""
"110695887","","PRADA スエードxシアリング スリッパ ロゴ","8","IT38.5","","255","Brown","4","0","","","","","","","","","","","","","","","","","","","","","","","","","","","","","","","","","","","","","","","","","","","","",""
"110695887","","PRADA スエードxシアリング スリッパ ロゴ","9","IT39","","260","Brown","4","1","","","","","","","","","","","","","","","","","","","","","","","","","","","","","","","","","","","","","","","","","","","","",""
"110695887","","PRADA スエードxシアリング スリッパ ロゴ","10","IT40.5","","270","Brown","4","1","","","","","","","","","","","","","","","","","","","","","","","","","","","","","","","","","","","","","","","","","","","","",""
"110695887","","PRADA スエードxシアリング スリッパ ロゴ","11","IT41","","270","Brown","4","1","","","","","","","","","","","","","","","","","","","","","","","","","","","","","","","","","","","","","","","","","","","","",""
"110944549","","24SS 【PRADA】 パデッドベルベットミニハンドバッグ","1","f","","0","Black","2","2","3","","","","","","","","","16.0","","","","","","","","14.0","","","","7.5","24.0","","","","","","","","","","","","","","","","","","","","","",""
"112793839","","【PRADA】プラダ かわいいバッグアクセサリー CorduroyBag Charm","1","f","","0","Brown","4","1","","","","","","","","","","15.0","","","","","","","","","","","","","","","","","","","","","","","","","","","","","","","","","","",""
"116769813","","★PRADA★ スウェットロングスリーブカラー長袖男性PKポロシャツ","1","XS 在庫確認","","1","BLACK","2","1","","","","","","","","","","","","","","","","","","","","","","","","","","","","","","","","","","","","","","","","","","","","",""
"116769813","","★PRADA★ スウェットロングスリーブカラー長袖男性PKポロシャツ","2","S 在庫確認","","2","BLACK","2","1","","","","","","","","","","","","","","","","","","","","","","","","","","","","","","","","","","","","","","","","","","","","",""
"116769813","","★PRADA★ スウェットロングスリーブカラー長袖男性PKポロシャツ","3","M 在庫確認 +30,000","","3","BLACK","2","1","","","","","","","","","","","","","","","","","","","","","","","","","","","","","","","","","","","","","","","","","","","","",""
"116769813","","★PRADA★ スウェットロングスリーブカラー長袖男性PKポロシャツ","4","L 在庫確認","","4","BLACK","2","1","","","","","","","","","","","","","","","","","","","","","","","","","","","","","","","","","","","","","","","","","","","","",""
"116769813","","★PRADA★ スウェットロングスリーブカラー長袖男性PKポロシャツ","5","XL 在庫確認","","5","BLACK","2","1","","","","","","","","","","","","","","","","","","","","","","","","","","","","","","","","","","","","","","","","","","","","",""
"116769968","","★PRADA★Re-Nylon ウィンドブレーカー ジャケット★","1","IT44 在庫確認","","2","BLACK","2","1","","","","","","","","","","","","","","","","","","","","","","","","","","","","","","","","","","","","","","","","","","","","",""
"116769968","","★PRADA★Re-Nylon ウィンドブレーカー ジャケット★","2","IT46 在庫確認","","3","BLACK","2","1","","","","","","","","","","","","","","","","","","","","","","","","","","","","","","","","","","","","","","","","","","","","",""
"116769968","","★PRADA★Re-Nylon ウィンドブレーカー ジャケット★","3","IT48 在庫確認","","3","BLACK","2","1","","","","","","","","","","","","","","","","","","","","","","","","","","","","","","","","","","","","","","","","","","","","",""
"116769968","","★PRADA★Re-Nylon ウィンドブレーカー ジャケット★","4","IT50 在庫確認","","4","BLACK","2","1","","","66.0","47.0","","","","","","","","","","","","","","","","","","","","","","","","","","","","","","","","","","","","","","","","",""
"116769968","","★PRADA★Re-Nylon ウィンドブレーカー ジャケット★","5","IT52 在庫確認","","4","BLACK","2","1","","","67.0","48.0","","","","","","","","","","","","","","","","","","","","","","","","","","","","","","","","","","","","","","","","",""
"116769968","","★PRADA★Re-Nylon ウィンドブレーカー ジャケット★","6","IT54 在庫確認","","5","BLACK","2","1","","","","","","","","","","","","","","","","","","","","","","","","","","","","","","","","","","","","","","","","","","","","",""
"119362611","","【PRADA】SUMMER SALE!★即洒落見え★デニムシャツ短袖","1","XL","","5","DENIM BLUE","7","1","","","","","","","","","","","","","","","","","","","","","","","","","","","","","","","","","","","","","","","","","","","","",""
"119362611","","【PRADA】SUMMER SALE!★即洒落見え★デニムシャツ短袖","2","L +50,000","","4","DENIM BLUE","7","1","","","","","","","","","","","","","","","","","","","","","","","","","","","","","","","","","","","","","","","","","","","","",""
"122760290","","【PRADA】★ダイヤキルティング パフジャケット","1","XS + 170,000","","1","BLACK","2","1","","","66.0","52.0","57.0","","","","","","","","","","","","","","","","","","","","","","","","","","","","","","","","","","","","","","","",""
"122760290","","【PRADA】★ダイヤキルティング パフジャケット","2","S","","2","BLACK","2","1","","","68.0","54.0","60.0","","","","","","","","","","","","","","","","","","","","","","","","","","","","","","","","","","","","","","","",""
"122760290","","【PRADA】★ダイヤキルティング パフジャケット","3","M","","3","BLACK","2","1","","","69.0","56.0","62.0","","","","","","","","","","","","","","","","","","","","","","","","","","","","","","","","","","","","","","","",""
"122760290","","【PRADA】★ダイヤキルティング パフジャケット","4","L +10,000","","4","BLACK","2","1","","","71.0","58.0","65.0","","","","","","","","","","","","","","","","","","","","","","","","","","","","","","","","","","","","","","","",""
"122760290","","【PRADA】★ダイヤキルティング パフジャケット","5","XL +10,000","","5","BLACK","2","1","","","74.0","62.0","70.0","","","","","","","","","","","","","","","","","","","","","","","","","","","","","","","","","","","","","","","",""
"122760290","","【PRADA】★ダイヤキルティング パフジャケット","6","2XL","","5","BLACK","2","1","","","","","","","","","","","","","","","","","","","","","","","","","","","","","","","","","","","","","","","","","","","","",""
"113670449","","【SALE】 ◆MIUMIU◆ 24FW Arcadi Leather Tote Bagトートバッグ","1","f","","0","BLACK","2","1","","","","","","","","","","10.5","","","","","","","","22.0","","","","7.5","","","","","","","","","","","","","","","","","","","","","","",""
"113719531","","【日本未入荷☆】【SALE】 MIUMIU マフラーMUFFLER","1","f","","0","grey","3","1","","","","","","","","","","25.0","","","","","","","","","","","","","","","","","","","195.0","","","","","","","","","","","","","","","",""
"135151111","","★送料・関税込★miumiu★マテラッセレザー ショルダーバッグ★","1","f","","0","blue sky","7","1","","","","","","","","","","23.0","","","","","","","","15.0","","","","8.0","","127.0","","","","","","","","","","","","","","","","","","","","",""
"112203212","","【SALE】 ◆MIUMIU◆Matelasse Leather Wallet 財布","1","f","","0","pink","10","1","","","","","","","","","","","","","","","","","","","","","","","","","","13.5","8.0","","","","","","","","","","","","","","","","","",""
"112208660","","【日本未入荷☆】フリース スウェットシャツ","1","XS","","1","Black","2","1","","","70.0","","78.0","","","","","","","","","","","","","","","","","","","","","","","","","","","","","","","","","","","","","","","",""
"112208660","","【日本未入荷☆】フリース スウェットシャツ","2","S","","2","Black","2","1","","","70.0","","81.0","","","","","","","","","","","","","","","","","","","","","","","","","","","","","","","","","","","","","","","",""
"112208660","","【日本未入荷☆】フリース スウェットシャツ","3","M +30,000","","3","Black","2","1","","","70.0","","84.0","","","","","","","","","","","","","","","","","","","","","","","","","","","","","","","","","","","","","","","",""
"112208660","","【日本未入荷☆】フリース スウェットシャツ","4","L +50,000","","4","Black","2","1","","","70.0","","88.0","","","","","","","","","","","","","","","","","","","","","","","","","","","","","","","","","","","","","","","",""
"112208660","","【日本未入荷☆】フリース スウェットシャツ","5","XL +50,000","","5","Black","2","1","","","70.0","","92.0","","","","","","","","","","","","","","","","","","","","","","","","","","","","","","","","","","","","","","","",""
"112219602","","【日本未入荷☆】★MIUMIU★ ブレスレットPearl Bracelet","1","S","","0","White","1","1","","","","","","","","","","","","","","","","","","","","","","","","","","18.5","","","","","","","","","","","","","","","","","","",""
"112219602","","【日本未入荷☆】★MIUMIU★ ブレスレットPearl Bracelet","2","M","","0","White","1","1","","","","","","","","","","","","","","","","","","","","","","","","","","18.5","","","","","","","","","","","","","","","","","","",""
"112219602","","【日本未入荷☆】★MIUMIU★ ブレスレットPearl Bracelet","3","L","","0","White","1","1","","","","","","","","","","","","","","","","","","","","","","","","","","","","","","","","","","","","","","","","","","","","",""
"112253313","","【日本未入荷☆】 Cotton Fleece Hoodie フード付きジップアップ","1","XS","","1","Grey","3","1","","","","","","","","","","","","","","","","","","","","","","","","","","","","","","","","","","","","","","","","","","","","",""
"112253313","","【日本未入荷☆】 Cotton Fleece Hoodie フード付きジップアップ","2","S","","2","Grey","3","1","","","","","","","","","","","","","","","","","","","","","","","","","","","","","","","","","","","","","","","","","","","","",""
"112253313","","【日本未入荷☆】 Cotton Fleece Hoodie フード付きジップアップ","3","M","","3","Grey","3","1","","","","","","","","","","","","","","","","","","","","","","","","","","","","","","","","","","","","","","","","","","","","",""
"112253313","","【日本未入荷☆】 Cotton Fleece Hoodie フード付きジップアップ","4","L","","4","Grey","3","1","","","","","","","","","","","","","","","","","","","","","","","","","","","","","","","","","","","","","","","","","","","","",""
"112253313","","【日本未入荷☆】 Cotton Fleece Hoodie フード付きジップアップ","5","XL","","5","Grey","3","1","","","","","","","","","","","","","","","","","","","","","","","","","","","","","","","","","","","","","","","","","","","","",""
"112253313","","【日本未入荷☆】 Cotton Fleece Hoodie フード付きジップアップ","6","XXL","","5","Grey","3","1","","","","","","","","","","","","","","","","","","","","","","","","","","","","","","","","","","","","","","","","","","","","",""
"112254649","","☆MIUMIU☆ IVE着用 Denim Baseball Cap キャップ帽☆","1","S","","0","DENIM BLUE","7","1","","","","","","","","","","","","","","","","","","","","","","","","","","","","","","","","","","","","","","","","","","","57.0","",""
"112254649","","☆MIUMIU☆ IVE着用 Denim Baseball Cap キャップ帽☆","2","M","","0","DENIM BLUE","7","1","","","","","","","","","","","","","","","","","","","","","","","","","","","","","","","","","","","","","","","","","","","58.0","",""
"112254649","","☆MIUMIU☆ IVE着用 Denim Baseball Cap キャップ帽☆","3","L","","0","DENIM BLUE","7","1","","","","","","","","","","","","","","","","","","","","","","","","","","","","","","","","","","","","","","","","","","","59.0","",""
"115246247","","【SALE】 ◆MIUMIU◆ 洗練されたチェック柄バケットハット","1","f","","0","black","2","1","","","","","","","","","","","","","","","","","","7.0","","","","","","","","","","","","","","","","","","","","","","","","","58.0","",""
"118431275","","【SALE】◆MIUMIU◆23SS★限定ピンクサングラス","1","f","","0","PINK","10","1","","","","","","","","","","","","","","","","","","","","","","","","","","","","","","","","","","","","184.0","110.0","80.0","","","","","","",""
"117070807","","【CELINE】ストライプのノースリーブタンクトップ","1","XS + 10,000円","","1","BLACK & WHITE","2","1","","","","","","","","","","","","","","","","","","","","","","","","","","","","","","","","","","","","","","","","","","","","",""
"117070807","","【CELINE】ストライプのノースリーブタンクトップ","2","S + 12,000円","","2","BLACK & WHITE","2","0","","","","","","","","","","","","","","","","","","","","","","","","","","","","","","","","","","","","","","","","","","","","",""
"117070807","","【CELINE】ストライプのノースリーブタンクトップ","3","M","","3","BLACK & WHITE","2","1","","","","","","","","","","","","","","","","","","","","","","","","","","","","","","","","","","","","","","","","","","","","",""
"117070807","","【CELINE】ストライプのノースリーブタンクトップ","4","L","","4","BLACK & WHITE","2","1","","","","","","","","","","","","","","","","","","","","","","","","","","","","","","","","","","","","","","","","","","","","",""
"117070807","","【CELINE】ストライプのノースリーブタンクトップ","5","XL+ 12,000円","","5","BLACK & WHITE","2","1","","","","","","","","","","","","","","","","","","","","","","","","","","","","","","","","","","","","","","","","","","","","",""
"113510211","","【CELINE】 Medium Ava Bag パステルピンク","1","f","","0","PINK","10","1","","","","","","","","","","24.5","","","","","","","","17.0","","","","","","9.0","","","","","","","","","","","","","","","","","","","","",""
"117223685","","【CELINE】コイン＆カードポーチ★関税込み","1","f","","0","pink","10","1","","","","","","","","","","","","","","","","","","","","","","","","","","13.0","9.0","1.0","","","","","","","","","","","","","","","","",""
"126673937","","【CELINE】ロゴドローコード★こなれ感グレーパーカー","1","XS","","1","Gray","3","1","","","","","","","","","","","","","","","","","","","","","","","","","","","","","","","","","","","","","","","","","","","","",""
"126673937","","【CELINE】ロゴドローコード★こなれ感グレーパーカー","2","S","","2","Gray","3","1","","","","","","","","","","","","","","","","","","","","","","","","","","","","","","","","","","","","","","","","","","","","",""
"126673937","","【CELINE】ロゴドローコード★こなれ感グレーパーカー","3","M","","3","Gray","3","1","","","","","","","","","","","","","","","","","","","","","","","","","","","","","","","","","","","","","","","","","","","","",""
"126673937","","【CELINE】ロゴドローコード★こなれ感グレーパーカー","4","L +30,000","","4","Gray","3","1","","","","","","","","","","","","","","","","","","","","","","","","","","","","","","","","","","","","","","","","","","","","",""
"126673937","","【CELINE】ロゴドローコード★こなれ感グレーパーカー","5","XL +30,000","","5","Gray","3","1","","","","","","","","","","","","","","","","","","","","","","","","","","","","","","","","","","","","","","","","","","","","",""
"126673937","","【CELINE】ロゴドローコード★こなれ感グレーパーカー","6","2XL","","5","Gray","3","1","","","","","","","","","","","","","","","","","","","","","","","","","","","","","","","","","","","","","","","","","","","","",""
"127097825","","【CELINE】★ ロゴ刺繍 襟付き スリムジャケット","1","XS","","1","Navy","16","1","","","","","","","","","","","","","","","","","","","","","","","","","","","","","","","","","","","","","","","","","","","","",""
"127097825","","【CELINE】★ ロゴ刺繍 襟付き スリムジャケット","2","S","","2","Navy","16","1","","","","","","","","","","","","","","","","","","","","","","","","","","","","","","","","","","","","","","","","","","","","",""
"127097825","","【CELINE】★ ロゴ刺繍 襟付き スリムジャケット","3","M","","3","Navy","16","1","","","","","","","","","","","","","","","","","","","","","","","","","","","","","","","","","","","","","","","","","","","","",""
"127097825","","【CELINE】★ ロゴ刺繍 襟付き スリムジャケット","4","L","","4","Navy","16","1","","","","","","","","","","","","","","","","","","","","","","","","","","","","","","","","","","","","","","","","","","","","",""
"127097825","","【CELINE】★ ロゴ刺繍 襟付き スリムジャケット","5","XL +30,000","","5","Navy","16","1","","","","","","","","","","","","","","","","","","","","","","","","","","","","","","","","","","","","","","","","","","","","",""
"128042815","","【CELINE】★Triompheミニサドル華奢見えキャメル","1","f","","0","White","1","1","","","","","","","","","","","","","","","","","","","","","","","","","","","","","","","","","","","","","","","","","","","","",""
"130750165","","【CELINE】★芸能人愛用ロゴボールキャップ大人可愛い","1","S","","0","BLACK","2","1","","","","","","","","","","","","","","","","","","","","","","","","","","","","","","","","","","","","","","","","","","","","",""
"130750165","","【CELINE】★芸能人愛用ロゴボールキャップ大人可愛い","2","M","","0","BLACK","2","1","","","","","","","","","","","","","","","","","","","","","","","","","","","","","","","","","","","","","","","","","","","","",""
"130750165","","【CELINE】★芸能人愛用ロゴボールキャップ大人可愛い","3","L","","0","BLACK","2","1","","","","","","","","","","","","","","","","","","","","","","","","","","","","","","","","","","","","","","","","","","","","",""
"130750984","","【CELINE】★ロゴ映え大人可愛いミニマル長袖Tシャツ","1","XS +15,000","","1","WHITE","1","1","","","","","","","","","","","","","","","","","","","","","","","","","","","","","","","","","","","","","","","","","","","","",""
"130750984","","【CELINE】★ロゴ映え大人可愛いミニマル長袖Tシャツ","2","S","","2","WHITE","1","1","","","","","","","","","","","","","","","","","","","","","","","","","","","","","","","","","","","","","","","","","","","","",""
"130750984","","【CELINE】★ロゴ映え大人可愛いミニマル長袖Tシャツ","3","M +15,000","","3","WHITE","1","1","","","","","","","","","","","","","","","","","","","","","","","","","","","","","","","","","","","","","","","","","","","","",""
"130751461","","【CELINE】★高級感ロゴフーディジップアップ洗練ストリート","1","XS +10,000","","1","BLACK","2","1","","","","","","","","","","","","","","","","","","","","","","","","","","","","","","","","","","","","","","","","","","","","",""
"130751461","","【CELINE】★高級感ロゴフーディジップアップ洗練ストリート","2","S","","2","BLACK","2","1","","","","","","","","","","","","","","","","","","","","","","","","","","","","","","","","","","","","","","","","","","","","",""
"130751461","","【CELINE】★高級感ロゴフーディジップアップ洗練ストリート","3","M","","3","BLACK","2","1","","","","","","","","","","","","","","","","","","","","","","","","","","","","","","","","","","","","","","","","","","","","",""
"130751461","","【CELINE】★高級感ロゴフーディジップアップ洗練ストリート","4","L","","4","BLACK","2","1","","","","","","","","","","","","","","","","","","","","","","","","","","","","","","","","","","","","","","","","","","","","",""
"130751461","","【CELINE】★高級感ロゴフーディジップアップ洗練ストリート","5","XL","","5","BLACK","2","1","","","","","","","","","","","","","","","","","","","","","","","","","","","","","","","","","","","","","","","","","","","","",""
"130751461","","【CELINE】★高級感ロゴフーディジップアップ洗練ストリート","6","2XL + 50,000","","5","BLACK","2","1","","","","","","","","","","","","","","","","","","","","","","","","","","","","","","","","","","","","","","","","","","","","",""
"117071205","","【CELINE】身長が高く見える厚底スリッパ","1","IT34 在庫確認","","210","BLACK","2","1","","","","","","","","","","","","","","","","","","","","","","","","","","","","","","","","","","","","","","","","","","","","",""
"117071205","","【CELINE】身長が高く見える厚底スリッパ","2","IT34.5 在庫確認","","215","BLACK","2","1","","","","","","","","","","","","","","","","","","","","","","","","","","","","","","","","","","","","","","","","","","","","",""
"117071205","","【CELINE】身長が高く見える厚底スリッパ","3","IT35 在庫確認","","220","BLACK","2","1","","","","","","","","","","","","","","","","","","","","","","","","","","","","","","","","","","","","","","","","","","","","",""
"117071205","","【CELINE】身長が高く見える厚底スリッパ","4","IT35.5 在庫確認","","225","BLACK","2","1","","","","","","","","","","","","","","","","","","","","","","","","","","","","","","","","","","","","","","","","","","","","",""
"117071205","","【CELINE】身長が高く見える厚底スリッパ","5","IT36 在庫確認","","230","BLACK","2","1","","","","","","","","","","","","","","","","","","","","","","","","","","","","","","","","","","","","","","","","","","","","",""
"117071205","","【CELINE】身長が高く見える厚底スリッパ","6","IT36.5 在庫確認","","235","BLACK","2","1","","","","","","","","","","","","","","","","","","","","","","","","","","","","","","","","","","","","","","","","","","","","",""
"117071205","","【CELINE】身長が高く見える厚底スリッパ","7","IT37 在庫確認","","240","BLACK","2","1","","","","","","","","","","","","","","","","","","","","","","","","","","","","","","","","","","","","","","","","","","","","",""
"117071205","","【CELINE】身長が高く見える厚底スリッパ","8","IT37.5 在庫確認","","245","BLACK","2","1","","","","","","","","","","","","","","","","","","","","","","","","","","","","","","","","","","","","","","","","","","","","",""
"117071205","","【CELINE】身長が高く見える厚底スリッパ","9","IT38 在庫確認","","250","BLACK","2","1","","","","","","","","","","","","","","","","","","","","","","","","","","","","","","","","","","","","","","","","","","","","",""
"117071205","","【CELINE】身長が高く見える厚底スリッパ","10","IT38.5 在庫確認","","255","BLACK","2","1","","","","","","","","","","","","","","","","","","","","","","","","","","","","","","","","","","","","","","","","","","","","",""
"117071205","","【CELINE】身長が高く見える厚底スリッパ","11","IT39 在庫確認","","260","BLACK","2","1","","","","","","","","","","","","","","","","","","","","","","","","","","","","","","","","","","","","","","","","","","","","",""
"117071205","","【CELINE】身長が高く見える厚底スリッパ","12","IT39.5 在庫確認","","265","BLACK","2","1","","","","","","","","","","","","","","","","","","","","","","","","","","","","","","","","","","","","","","","","","","","","",""
"117071205","","【CELINE】身長が高く見える厚底スリッパ","13","IT40 在庫確認","","270","BLACK","2","1","","","","","","","","","","","","","","","","","","","","","","","","","","","","","","","","","","","","","","","","","","","","",""
"117071205","","【CELINE】身長が高く見える厚底スリッパ","14","IT40.5 在庫確認","","270","BLACK","2","1","","","","","","","","","","","","","","","","","","","","","","","","","","","","","","","","","","","","","","","","","","","","",""
