"상품ID","상품관리번호","컨트롤","공개상태","상품명","브랜드","브랜드명","모델","카테고리","시즌","테마","단가","구매가능수량","구매기한","참고가격/일반출품가격","참고가격","상품설명","색상사이즈보충설명","태그","배송방법","구매지역","구매도시","구매샵","발송지역","발송도시","관세포함","출품메모","상품이미지1","상품이미지2","상품이미지3","상품이미지4","상품이미지5","상품이미지6","상품이미지7","상품이미지8","상품이미지9","상품이미지10","상품이미지11","상품이미지12","상품이미지13","상품이미지14","상품이미지15","상품이미지16","상품이미지17","상품이미지18","상품이미지19","상품이미지20","브랜드품번1","브랜드품번식별메모1","브랜드품번2","브랜드품번식별메모2","브랜드품번3","브랜드품번식별메모3","브랜드품번4","브랜드품번식별메모4","브랜드품번5","브랜드품번식별메모5","브랜드품번6","브랜드품번식별메모6","브랜드품번7","브랜드품번식별메모7","브랜드품번8","브랜드품번식별메모8","브랜드품번9","브랜드품번식별메모9","브랜드품번10","브랜드품번식별메모10","구매처명1","구매처URL1","구매처설명1","구매처명2","구매처URL2","구매처설명2","구매처명3","구매처URL3","구매처설명3","구매처명4","구매처URL4","구매처설명4","구매처명5","구매처URL5","구매처설명5","구매처명6","구매처URL6","구매처설명6","구매처명7","구매처URL7","구매처설명7","구매처명8","구매처URL8","구매처설명8","구매처명9","구매처URL9","구매처설명9","구매처명10","구매처URL10","구매처설명10","구매처명11","구매처URL11","구매처설명11","구매처명12","구매처URL12","구매처설명12","구매처명13","구매처URL13","구매처설명13","구매처명14","구매처URL14","구매처설명14","구매처명15","구매처URL15","구매처설명15"
"122487011","","公開","出品中","【PRADA】★ブラッシュドレザー Monolith 厚底ブーツ","290","PRADA(プラダ)","0","4109","0","0","145000","0","2026-08-09","2","280000","
★PRADA(プラダ)の人気コレクションを大幅割引価格でご案内★

＊ヨーロッパでこそ実現可能なお買い得商品、レアな商品、新商品をいち早く出品しています。

是非 ★ LEMICHU★  をフォローしていただき、お買い得商品のお買い物をお楽しみ下さい。

（アウトレット商品は傷物等ではなく、昨シーズン以前のお品になります）

＊直営店にて買い付け、正真正銘の本物をお届けいたしますのでご安心くださいませ

★在庫★

・ご注文の前に在庫確認をお願いいたします。

","","419_504_710_1037_2352_2354","981088_1009364","2003018","000","","2002003","000","1","1U713M 3LFU F0002 1,000,000","https://cdn-images.buyma.com/imgdata/item/250917/0122487011/723484599/org.jpg","https://cdn-images.buyma.com/imgdata/item/250917/0122487011/723484600/org.jpg","https://cdn-images.buyma.com/imgdata/item/250917/0122487011/723484601/org.jpg","https://cdn-images.buyma.com/imgdata/item/250917/0122487011/723484602/org.jpg","https://cdn-images.buyma.com/imgdata/item/250917/0122487011/723484603/org.jpg","https://cdn-images.buyma.com/imgdata/item/250917/0122487011/723484604/org.jpg","https://cdn-images.buyma.com/imgdata/item/250917/0122487011/723484605/org.jpg","https://cdn-images.buyma.com/imgdata/item/250917/0122487011/723484606/org.jpg","","","","","","","","","","","","","1U713M 3LFU F0002","","","","","","","","","","","","","","","","","","","","","","","","","","","","","","","","","","","","","","","","","","","","","","","","","","","","","","","","","","","","","","","",""
"110682818","","公開","出品中","☆PRADA ☆ ウールxカシミア クルーネック セーター☆","290","PRADA(プラダ)","0","3266","0","0","223000","20","2026-09-06","0","","☆PRADA ☆ ウールxカシミア クルーネック セーター☆

PRADA☆ウールxカシミアクルーネックセータージャカードロゴBR


商品詳細
常に新しい形で表現される、プラダを象徴するトライアングルロゴが刺繍になった、上質なカシミアを使用したレギュラーフィットのメンズ クルーネックセーター。2020年秋冬コレクションでは、現代の男性が持つアイデンティティを描いた直線的でボリューム感のあるシルエットを織り交ぜ、伝統に対する同調的でありながら反意的な視点を探っています。

プレーンステッチ
レギュラーフィット
リブ編みのクルーネック
レギュラーショルダー
リブ編みの袖口と裾
刺繍ロゴ入り
モデル：身長186cm、着用サイズ48
高さ: 66cm
素材
カシミヤ

★PRADA(プラダ)の人気コレクションを大幅割引価格でご案内★

＊ヨーロッパでこそ実現可能なお買い得商品、レアな商品、新商品をいち早く出品しています。

是非 ★ LEMICHU★  をフォローしていただき、お買い得商品のお買い物をお楽しみ下さい。

（アウトレット商品は傷物等ではなく、昨シーズン以前のお品になります）

＊直営店にて買い付け、正真正銘の本物をお届けいたしますのでご安心くださいませ


★在庫★

・ご注文の前に在庫確認をお願いいたします。

★関税★

・関税がかかった場合は、お客様負担となります。ご了承ください。

※関税については、BUYMAのヘルプページもご参照ください。
","","504_1037","981088","2002003","000","","2002003","000","0","kream","https://cdn-images.buyma.com/imgdata/item/240920/0110682818/646702187/org.jpg","https://cdn-images.buyma.com/imgdata/item/240920/0110682818/646702188/org.jpg","https://cdn-images.buyma.com/imgdata/item/240920/0110682818/646702189/org.jpg","https://cdn-images.buyma.com/imgdata/item/240920/0110682818/646702190/org.jpg","https://cdn-images.buyma.com/imgdata/item/240920/0110682818/646702191/org.jpg","https://cdn-images.buyma.com/imgdata/item/240920/0110682818/646702192/org.jpg","https://cdn-images.buyma.com/imgdata/item/240920/0110682818/646702193/org.jpg","https://cdn-images.buyma.com/imgdata/item/240920/0110682818/646702194/org.jpg","https://cdn-images.buyma.com/imgdata/item/240920/0110682818/646702195/org.jpg","https://cdn-images.buyma.com/imgdata/item/240920/0110682818/646702196/org.jpg","https://cdn-images.buyma.com/imgdata/item/240920/0110682818/646702197/org.jpg","https://cdn-images.buyma.com/imgdata/item/240920/0110682818/646702198/org.jpg","https://cdn-images.buyma.com/imgdata/item/240920/0110682818/646702199/org.jpg","https://cdn-images.buyma.com/imgdata/item/240920/0110682818/646702200/org.jpg","https://cdn-images.buyma.com/imgdata/item/240920/0110682818/646702201/org.jpg","","","","","","UMB223-1YMW-F0002 UMB223-1YMW-F0008","","","","","","","","","","","","","","","","","","","","","","","","","","","","","","","","","","","","","","","","","","","","","","","","","","","","","","","","","","","","","","","",""
"121911665","","公開","出品中","PRADA【入手困難】アイコニック★Re-Nylon★ブルゾンジャケット","290","PRADA(プラダ)","0","3063","46","1","438500","50","2026-08-31","2","679000","★PRADA(プラダ)の人気コレクションを大幅割引価格でご案内★


＊ヨーロッパでこそ実現可能なお買い得商品、レアな商品、新商品をいち早く出品しています。

是非 ★ LEMICHU★  をフォローしていただき、お買い得商品のお買い物をお楽しみ下さい。

（アウトレット商品は傷物等ではなく、昨シーズン以前のお品になります）

＊直営店にて買い付け、正真正銘の本物をお届けいたしますのでご安心くださいませ

★在庫★

・ご注文の前に在庫確認をお願いいたします。
","★ブランド : PRADA (プラダ)

★STYLE : 29E097 1WQ8 F0002 / / / /

レギュラーフィット、シャツ襟、ストレートスリーブのブルゾンジャケット。スポーツウェアのコードにインスパイアされたエラスティックドローストリングが裾にあしらわれています。海から回収されたリサイクルプラスチック素材で作られた、再生可能な革新的なファブリックであるプラダを象徴するRe-Nylonを使用したデザイン。プラダのコレクションを象徴するサルトリアルラベルがアクセントを添えています。

★色

ブラック 29E097 1WQ8 F0002





★商品詳細

・商品品番: 29E097_1WQ8_F0002_S_232
・パッド入りライニング
・フード付
・長袖
・ストレートな袖口
・ファスナー開閉式
・ファスナー付ウェルトポケット
・エナメルメタルのトライアングルロゴ
・エラスティックドローストリング付の裾
・ロゴプリント入りのレザーのファスナープル
・フードにレザーのレース
・左内側にボタン付ダブルウェルトポケット
・ロゴが刻印されたメタルバックル付レザーベルト
・快適なレギュラーフィット、アイテムの1サイズ上までフィット
・主な素材: リサイクルポリアミド100%","419_504_941_1037","1059462_1009364","2002003","000","","2002003","000","1","29E097 1WQ8 F0002

3,105,820

2025.12.17 338,500 → 438,500","https://cdn-images.buyma.com/imgdata/item/250903/0121911665/720073435/org.jpg","https://cdn-images.buyma.com/imgdata/item/250903/0121911665/720073930/org.jpg","https://cdn-images.buyma.com/imgdata/item/250903/0121911665/720073931/org.jpg","https://cdn-images.buyma.com/imgdata/item/250903/0121911665/720073932/org.jpg","https://cdn-images.buyma.com/imgdata/item/250903/0121911665/720073933/org.jpg","https://cdn-images.buyma.com/imgdata/item/250903/0121911665/720073934/org.jpg","https://cdn-images.buyma.com/imgdata/item/250903/0121911665/720073935/org.jpg","https://cdn-images.buyma.com/imgdata/item/250903/0121911665/720073936/org.jpg","","","","","","","","","","","","","29E097 1WQ8 F0002","","","","","","","","","","","","","","","","","","","","","","","","","","","","","","","","","","","","","","","","","","","","","","","","","","","","","","","","","","","","","","","",""
"110695887","","公開","出品中","PRADA スエードxシアリング スリッパ ロゴ","290","PRADA(プラダ)","0","3083","46","0","195000","10","2026-09-08","2","250000","PRADA スエードxシアリング スリッパ

スエード素材と柔らかなシアリングライニングが組み合わさり、足元を温かく包み込みます。その他、快適な履き心地や高品質な素材の使用など、PRADA のスリッパはファッションと機能性を両立させた一足として注目されています。

&diams;製品詳細
・シアリングライニング
・エナメルメタルのトライアングルロゴ
・ラバーソール
・ラグトレッド
・シアリングカバーインソール

&diams;素材
・ファブリック／レザー

&diams;製品品番
・1S711M_X0O_F0401_F_ZG20

★PRADA(プラダ)の人気コレクションを大幅割引価格でご案内★


＊ヨーロッパでこそ実現可能なお買い得商品、レアな商品、新商品をいち早く出品しています。

是非 ★ LEMICHU★  をフォローしていただき、お買い得商品のお買い物をお楽しみ下さい。

（アウトレット商品は傷物等ではなく、昨シーズン以前のお品になります）

＊直営店にて買い付け、正真正銘の本物をお届けいたしますのでご安心くださいませ


★在庫★

・ご注文の前に在庫確認をお願いいたします。

★関税★

・関税がかかった場合は、お客様負担となります。ご了承ください。

※関税については、BUYMAのヘルプページもご参照ください。","","306_414_504_1037","981088_1009364","2003018","000","","2002003","000","1","https://www.mytheresa.com/de/de/damen/prada-pantoletten-fussbett-aus-veloursleder-braun-p00956829

1S711M_X0O_F0401_F_ZG20","https://cdn-images.buyma.com/imgdata/item/240921/0110695887/645773101/org.jpg","https://cdn-images.buyma.com/imgdata/item/240921/0110695887/645773102/org.jpg","https://cdn-images.buyma.com/imgdata/item/240921/0110695887/645773103/org.jpg","https://cdn-images.buyma.com/imgdata/item/240921/0110695887/645773104/org.jpg","https://cdn-images.buyma.com/imgdata/item/240921/0110695887/645773105/org.jpg","https://cdn-images.buyma.com/imgdata/item/240921/0110695887/645773106/org.jpg","https://cdn-images.buyma.com/imgdata/item/240921/0110695887/645773107/org.jpg","https://cdn-images.buyma.com/imgdata/item/240921/0110695887/645773108/org.jpg","","","","","","","","","","","","","1S711M_X0O_F0401_F_ZG20","","","","","","","","","","","","","","","","","","","","","","","","","","","","","","","","","","","","","","","","","","","","","","","","","","","","","","","","","","","","","","","",""
"110944549","","公開","出品中","24SS 【PRADA】 パデッドベルベットミニハンドバッグ","290","PRADA(プラダ)","0","3101","44","98","280000","0","2026-09-03","2","308000","24SS 【PRADA】 パデッドベルベットミニハンドバッグ


★PRADA(プラダ)の人気コレクションを大幅割引価格でご案内★

＊ヨーロッパでこそ実現可能なお買い得商品、レアな商品、新商品をいち早く出品しています。

是非 ★ LEMICHU★  をフォローしていただき、お買い得商品のお買い物をお楽しみ下さい。

（アウトレット商品は傷物等ではなく、昨シーズン以前のお品になります）

＊直営店にて買い付け、正真正銘の本物をお届けいたしますのでご安心くださいませ


★在庫★

・ご注文の前に在庫確認をお願いいたします。

","■　品名
PRADA（プラダ） パデッドベルベット ミニハンドバッグ
1BA410-068 V OOO-F0002

■　カラー
NERO ブラック (F0002)
金具色:ゴールド

■　サイズ(cm)
W16×H14×D7.5cm
ハンドル長さ：約24ｃｍ
ハンドル高さ：約9ｃｍ
ショルダー長さ：約99~115ｃｍ
開口部：約17ｃｍ
重量：約230ｇ
※長財布は入りませんが、W11×H9.5×D3の2つ折り財布がスムーズに入ります。
(画像4枚目参照)

■　状態
新品・未使用

■　品番
1BA410

■　素材
VELLUTO ベルベット (068 V OOO)

■　仕様
マグネット開閉
内側：
オープンポケット×2
ショルダー取り外し可
A4サイズ収納不可
生産国：イタリア

■　付属品
純正BOX、純正保護袋","419_504_709_710_1037","981088","2003018","000","","2002003","000","1","2,360,000

https://www.mytheresa.com/de/de/damen/prada-tote-mini-aus-samt-schwarz-p00875471","https://cdn-images.buyma.com/imgdata/item/240928/0110944549/647353722/org.jpg","https://cdn-images.buyma.com/imgdata/item/240928/0110944549/647352639/org.jpg","https://cdn-images.buyma.com/imgdata/item/240928/0110944549/647352640/org.jpg","https://cdn-images.buyma.com/imgdata/item/240928/0110944549/647352641/org.jpg","https://cdn-images.buyma.com/imgdata/item/240928/0110944549/647352642/org.jpg","https://cdn-images.buyma.com/imgdata/item/240928/0110944549/647352643/org.jpg","https://cdn-images.buyma.com/imgdata/item/240928/0110944549/647352644/org.jpg","https://cdn-images.buyma.com/imgdata/item/240928/0110944549/647352645/org.jpg","https://cdn-images.buyma.com/imgdata/item/240928/0110944549/665540981/org.jpg","https://cdn-images.buyma.com/imgdata/item/240928/0110944549/665540982/org.jpg","https://cdn-images.buyma.com/imgdata/item/240928/0110944549/665540983/org.jpg","https://cdn-images.buyma.com/imgdata/item/240928/0110944549/665540984/org.jpg","https://cdn-images.buyma.com/imgdata/item/240928/0110944549/666041959/org.jpg","https://cdn-images.buyma.com/imgdata/item/240928/0110944549/666041960/org.jpg","","","","","","","1BA410_068_F0002_V_OOO","","","","","","","","","","","","","","","","","","","","","","","","","","","","","","","","","","","","","","","","","","","","","","","","","","","","","","","","","","","","","","","",""
"112793839","","公開","出品中","【PRADA】プラダ かわいいバッグアクセサリー CorduroyBag Charm","290","PRADA(プラダ)","0","3108","46","1","218000","22","2026-08-16","0","","★PRADA(プラダ)の人気コレクションを大幅割引価格でご案内★


＊ヨーロッパでこそ実現可能なお買い得商品、レアな商品、新商品をいち早く出品しています。

是非 ★ LEMICHU★  をフォローしていただき、お買い得商品のお買い物をお楽しみ下さい。

（アウトレット商品は傷物等ではなく、昨シーズン以前のお品になります）

＊直営店にて買い付け、正真正銘の本物をお届けいたしますのでご安心くださいませ

★在庫★

・ご注文の前に在庫確認をお願いいたします。

","アイコニックなトライアングルロゴで飾られたこの楽しいペンダントは、柔らかく冬らしい質感が特徴です。すべてのバッグに個性を加えるユニークなアクセサリーです。

製品コード: 1TT181_2C60_F0005
カラビナフックとリング付き
エナメル加工メタルトライアングルロゴ
調節可能で取り外し可能なナイロンショルダーストラップ
高さ: 15cm


プラダ製品がもっと気になる方は、下のリンクをクリック！
https://www.buyma.com/r/_PRADA-%E3%83%97%E3%83%A9%E3%83%80/-B12200692/

","419_504_1037","981088","2003018","000","","2002003","000","1","https://www.prada.com/de/de/p/weicher-roboter-taschenanhanger-aus-cord/1TT181_2C60_F0005","https://cdn-images.buyma.com/imgdata/item/241119/0112793839/659640963/org.jpg","https://cdn-images.buyma.com/imgdata/item/241119/0112793839/659640964/org.jpg","https://cdn-images.buyma.com/imgdata/item/241119/0112793839/659640965/org.jpg","https://cdn-images.buyma.com/imgdata/item/241119/0112793839/659640966/org.jpg","https://cdn-images.buyma.com/imgdata/item/241119/0112793839/659640967/org.jpg","","","","","","","","","","","","","","","","1TT181_2C60_F0005","","","","","","","","","","","","","","","","","","","","","","","","","","","","","","","","","","","","","","","","","","","","","","","","","","","","","","","","","","","","","","","",""
"116769813","","公開","出品中","★PRADA★ スウェットロングスリーブカラー長袖男性PKポロシャツ","290","PRADA(プラダ)","0","3261","0","1","118500","50","2026-07-31","2","158000","★PRADA(プラダ)の人気コレクションを大幅割引価格でご案内★


＊ヨーロッパでこそ実現可能なお買い得商品、レアな商品、新商品をいち早く出品しています。

是非 ★ LEMICHU★  をフォローしていただき、お買い得商品のお買い物をお楽しみ下さい。

（アウトレット商品は傷物等ではなく、昨シーズン以前のお品になります）

＊直営店にて買い付け、正真正銘の本物をお届けいたしますのでご安心くださいませ


★在庫★

・ご注文の前に在庫確認をお願いいたします。

","UJL59B1YR4F0002

プラダ製品がもっと気になる方は、下のリンクをクリック！
https://www.buyma.com/r/_PRADA-%E3%83%97%E3%83%A9%E3%83%80/-B12200692/","419_504_1037","981088_1059474_1059472","2002003","000","","2002003","000","1","UJL59B1YR4F0002
1,000,000","https://cdn-images.buyma.com/imgdata/item/250319/0116769813/685513970/org.jpg","https://cdn-images.buyma.com/imgdata/item/250319/0116769813/685513971/org.jpg","https://cdn-images.buyma.com/imgdata/item/250319/0116769813/685513972/org.jpg","https://cdn-images.buyma.com/imgdata/item/250319/0116769813/685513973/org.jpg","https://cdn-images.buyma.com/imgdata/item/250319/0116769813/685513974/org.jpg","https://cdn-images.buyma.com/imgdata/item/250319/0116769813/685513975/org.jpg","https://cdn-images.buyma.com/imgdata/item/250319/0116769813/685513976/org.jpg","","","","","","","","","","","","","","UJL59B1YR4F0002","","","","","","","","","","","","","","","","","","","","","","","","","","","","","","","","","","","","","","","","","","","","","","","","","","","","","","","","","","","","","","","",""
"116769968","","公開","出品中","★PRADA★Re-Nylon ウィンドブレーカー ジャケット★","290","PRADA(プラダ)","0","3301","0","1","225500","50","2026-09-14","2","285000","★PRADA(プラダ)の人気コレクションを大幅割引価格でご案内★


＊ヨーロッパでこそ実現可能なお買い得商品、レアな商品、新商品をいち早く出品しています。

是非 ★ LEMICHU★  をフォローしていただき、お買い得商品のお買い物をお楽しみ下さい。

（アウトレット商品は傷物等ではなく、昨シーズン以前のお品になります）

＊直営店にて買い付け、正真正銘の本物をお届けいたしますのでご安心くださいませ


★在庫★

・ご注文の前に在庫確認をお願いいたします。

","★カラー
BLACK



★素材
外装: 100% リナイロン
裏地: 100% リナイロン

プラダ製品がもっと気になる方は、下のリンクをクリック！
https://www.buyma.com/r/_PRADA-%E3%83%97%E3%83%A9%E3%83%80/-B12200692/","419_504_1037","981088","2002003","000","","2002003","000","1","SGC052 107L F0002

2,200,000","https://cdn-images.buyma.com/imgdata/item/250319/0116769968/685514754/org.jpg","https://cdn-images.buyma.com/imgdata/item/250319/0116769968/685514755/org.jpg","https://cdn-images.buyma.com/imgdata/item/250319/0116769968/685514756/org.jpg","https://cdn-images.buyma.com/imgdata/item/250319/0116769968/685514757/org.jpg","https://cdn-images.buyma.com/imgdata/item/250319/0116769968/685514758/org.jpg","https://cdn-images.buyma.com/imgdata/item/250319/0116769968/685514759/org.jpg","https://cdn-images.buyma.com/imgdata/item/250319/0116769968/685514760/org.jpg","https://cdn-images.buyma.com/imgdata/item/250319/0116769968/685514761/org.jpg","https://cdn-images.buyma.com/imgdata/item/250319/0116769968/685514762/org.jpg","https://cdn-images.buyma.com/imgdata/item/250319/0116769968/685514763/org.jpg","https://cdn-images.buyma.com/imgdata/item/250319/0116769968/685514764/org.jpg","","","","","","","","","","","","","","","","","","","","","","","","","","","","","","","","","","","","","","","","","","","","","","","","","","","","","","","","","","","","","","","","","","","","","","","","","",""
"119362611","","公開","出品中","【PRADA】SUMMER SALE!★即洒落見え★デニムシャツ短袖","290","PRADA(プラダ)","0","9821","47","1","149850","50","2026-10-16","2","250000","★PRADA(プラダ)の人気コレクションを大幅割引価格でご案内★


＊ヨーロッパでこそ実現可能なお買い得商品、レアな商品、新商品をいち早く出品しています。

是非 ★ LEMICHU★  をフォローしていただき、お買い得商品のお買い物をお楽しみ下さい。

（アウトレット商品は傷物等ではなく、昨シーズン以前のお品になります）

＊直営店にて買い付け、正真正銘の本物をお届けいたしますのでご安心くださいませ


★在庫★

・ご注文の前に在庫確認をお願いいたします。

","品番
GEC067_14EF_F0008_S_212

柄
その他

襟型
尖襟

袖型
ドロップショルダー

前立て
ボタン

厚さ
ミディアム

付属品
ブランドタグ、吊り下げタグ","419_504_941","981088_1009364_1089125","2003018","000","","2002003","000","1","GEC067_14EF_F0008_S_212
zion-82

2025.11.01 149,850 → 159,850","https://cdn-images.buyma.com/imgdata/item/250614/0119362611/703295752/org.jpg","https://cdn-images.buyma.com/imgdata/item/250614/0119362611/703295753/org.jpg","https://cdn-images.buyma.com/imgdata/item/250614/0119362611/703295754/org.jpg","https://cdn-images.buyma.com/imgdata/item/250614/0119362611/703295755/org.jpg","https://cdn-images.buyma.com/imgdata/item/250614/0119362611/703295756/org.jpg","https://cdn-images.buyma.com/imgdata/item/250614/0119362611/703295757/org.jpg","https://cdn-images.buyma.com/imgdata/item/250614/0119362611/703295758/org.jpg","https://cdn-images.buyma.com/imgdata/item/250614/0119362611/703295759/org.jpg","https://cdn-images.buyma.com/imgdata/item/250614/0119362611/703295760/org.jpg","https://cdn-images.buyma.com/imgdata/item/250614/0119362611/703295761/org.jpg","","","","","","","","","","","GEC067_14EF_F0008_S_212","","","","","","","","","","","","","","","","","","","","","","","","","","","","","","","","","","","","","","","","","","","","","","","","","","","","","","","","","","","","","","","",""
"122760290","","公開","出品中","【PRADA】★ダイヤキルティング パフジャケット","290","PRADA(プラダ)","0","3302","0","1","335000","10","2026-10-19","2","400000","★PRADA(プラダ)の人気コレクションを大幅割引価格でご案内★


＊ヨーロッパでこそ実現可能なお買い得商品、レアな商品、新商品をいち早く出品しています。

是非 ★ LEMICHU★  をフォローしていただき、お買い得商品のお買い物をお楽しみ下さい。

（アウトレット商品は傷物等ではなく、昨シーズン以前のお品になります）

＊直営店にて買い付け、正真正銘の本物をお届けいたしますのでご安心くださいませ


★在庫★

・ご注文の前に在庫確認をお願いいたします。

","","273_419_504_675_708_730_787_941_1037","981088_1009364","2002003","000","","2002003","000","1","2,800,000","https://cdn-images.buyma.com/imgdata/item/250922/0122760290/725068119/org.jpg","https://cdn-images.buyma.com/imgdata/item/250922/0122760290/725068120/org.jpg","https://cdn-images.buyma.com/imgdata/item/250922/0122760290/725068121/org.jpg","https://cdn-images.buyma.com/imgdata/item/250922/0122760290/725068122/org.jpg","https://cdn-images.buyma.com/imgdata/item/250922/0122760290/725068123/org.jpg","https://cdn-images.buyma.com/imgdata/item/250922/0122760290/725068124/org.jpg","https://cdn-images.buyma.com/imgdata/item/250922/0122760290/725068125/org.jpg","https://cdn-images.buyma.com/imgdata/item/250922/0122760290/725068126/org.jpg","https://cdn-images.buyma.com/imgdata/item/250922/0122760290/725068127/org.jpg","https://cdn-images.buyma.com/imgdata/item/250922/0122760290/725068128/org.jpg","","","","","","","","","","","SGB8031WQ8","","","","","","","","","","","","","","","","","","","","","","","","","","","","","","","","","","","","","","","","","","","","","","","","","","","","","","","","","","","","","","","",""
"113670449","","公開","出品中","【SALE】 ◆MIUMIU◆ 24FW Arcadi Leather Tote Bagトートバッグ","267","MiuMiu(ミュウミュウ)","5033","3100","46","1","338000","22","2026-09-06","0","","★MIUMIU の人気コレクションを大幅割引価格でご案内★

＊ヨーロッパでこそ実現可能なお買い得商品、レアな商品、新商品をいち早く出品しています。

是非 ★ LEMICHU★  をフォローしていただき、お買い得商品のお買い物をお楽しみ下さい。

（アウトレット商品は傷物等ではなく、昨シーズン以前のお品になります）

＊直営店にて買い付け、正真正銘の本物をお届けいたしますのでご安心くださいませ


★在庫★

・ご注文の前に在庫確認をお願いいたします。
","カラー：ブラック

素材：カーフスキン

仕様：
・薄いパデッド加工
・レザーハンドル
・取り外し・調節可能なレザーのショルダーストラップ(長さ：105cm)
・ゴールドトーンのパーツ
・フロントにバーニッシュ仕上げのメタルのMIU MIU ロゴ
・ファスナー開閉式
・ファスナー付ポケットを備えたコットンサテンライニング
・底鋲付
・高さ 10.5cm
・幅 22cm
・マチ 7.5cm



◆MIUMIU◆ の商品をもっと見たい方は、下のリンクをクリックしてください。

https://www.buyma.com/r/_MIUMIU-%E3%83%9F%E3%83%A5%E3%82%A6%E3%83%9F%E3%83%A5%E3%82%A6/-B12200692/
","419_504_537_682_709_848_1037","981088","2002003","000","","2002003","000","1","3,114,000
https://www.ssg.com/item/itemView.ssg?itemId=1000622830268&siteNo=6004&salestrNo=6005&ckwhere=ssg_naver&appPopYn=n&utm_medium=PCS&utm_source=naver&utm_campaign=naver_pcs&NaPm=ct%3Dm4msiba0%7Cci%3D44cdebd0dcfbc858bf14d41036a5a9ffe3d12873%7Ctr%3Dslsl%7Csn%3D218835%7Chk%3D6611f2570733d8e112bec8015201a1935c18c29d

KREAM 2,960,000","https://cdn-images.buyma.com/imgdata/item/241213/0113670449/665452109/org.jpg","https://cdn-images.buyma.com/imgdata/item/241213/0113670449/665452110/org.jpg","https://cdn-images.buyma.com/imgdata/item/241213/0113670449/665452111/org.jpg","https://cdn-images.buyma.com/imgdata/item/241213/0113670449/665452112/org.jpg","https://cdn-images.buyma.com/imgdata/item/241213/0113670449/665452113/org.jpg","https://cdn-images.buyma.com/imgdata/item/241213/0113670449/665452114/org.jpg","https://cdn-images.buyma.com/imgdata/item/241213/0113670449/665452115/org.jpg","https://cdn-images.buyma.com/imgdata/item/241213/0113670449/665452116/org.jpg","https://cdn-images.buyma.com/imgdata/item/241213/0113670449/665452117/org.jpg","https://cdn-images.buyma.com/imgdata/item/241213/0113670449/665452118/org.jpg","https://cdn-images.buyma.com/imgdata/item/241213/0113670449/665452119/org.jpg","https://cdn-images.buyma.com/imgdata/item/241213/0113670449/665452120/org.jpg","","","","","","","","","5BB142 2CR3 F0002","","","","","","","","","","","","","","","","","","","","3,114,000","https://www.ssg.com/item/itemView.ssg?itemId=1000622830268&siteNo=6004&salestrNo=6005&ckwhere=ssg_naver&appPopYn=n&utm_medium=PCS&utm_source=naver&utm_campaign=naver_pcs&NaPm=ct%3Dm4msiba0%7Cci%3D44cdebd0dcfbc858bf14d41036a5a9ffe3d12873%7Ctr%3Dslsl%7Csn%3D218835%7Chk%3D6611f2570733d8e112bec8015201a1935c18c29d","","","","","","","","","","","","","","","","","","","","","","","","","","","","","","","","","","","","","","","","","","",""
"113719531","","公開","出品中","【日本未入荷☆】【SALE】 MIUMIU マフラーMUFFLER","267","MiuMiu(ミュウミュウ)","0","3401","40","0","108000","6","2026-09-23","2","156000","【MIUMIU】★正規品★韓国 マフラーMUFFLER


★【MIUMIU】 の人気コレクションを大幅割引価格でご案内★

＊ヨーロッパでこそ実現可能なお買い得商品、レアな商品、新商品をいち早く出品しています。

是非 ★ LEMICHU★  をフォローしていただき、お買い得商品のお買い物をお楽しみ下さい。

（アウトレット商品は傷物等ではなく、昨シーズン以前のお品になります）

＊直営店にて買い付け、正真正銘の本物をお届けいたしますのでご安心くださいませ


★在庫★

・ご注文の前に在庫確認をお願いいたします。




","素材：モヘア 67%、ポリアミド 28%、ウール 5%
取扱注意事項：ドライクリーニング
イタリア製
デザイナーの色名：grey

【MIUMIU】 の商品をもっと見たい方は、下のリンクをクリックしてください。

https://www.buyma.com/r/_MIUMIU-%E3%83%9F%E3%83%A5%E3%82%A6%E3%83%9F%E3%83%A5%E3%82%A6/-B12200692/","","981088_1009364_1059462","2002003","000","","2002003","000","1","747,000

5FS062 2CQD F0031

https://www.balaan.co.kr/products/101617549?naver_code=pc_naver_ep&utm_source=naver&utm_medium=cpc&utm_campaign=shopping&utm_contents=women&utm_term=luxury&NaPm=ct%3Dm4pq8ma8%7Cci%3D856bc286a231f7827df691309fd8b57a0f5b40a7%7Ctr%3Dslsl%7Csn%3D2546298%7Chk%3D548d03c01cf84cdc0edfb8c2844f0ab365ade634

2025.11.25 89,500 → 92,500","https://cdn-images.buyma.com/imgdata/item/241215/0113719531/665763272/org.jpg","https://cdn-images.buyma.com/imgdata/item/241215/0113719531/665763273/org.jpg","https://cdn-images.buyma.com/imgdata/item/241215/0113719531/665763274/org.jpg","https://cdn-images.buyma.com/imgdata/item/241215/0113719531/665763275/org.jpg","https://cdn-images.buyma.com/imgdata/item/241215/0113719531/665763276/org.jpg","","","","","","","","","","","","","","","","5FS062 2CQD F0031","","","","","","","","","","","","","","","","","","","","","","","","","","","","","","","","","","","","","","","","","","","","","","","","","","","","","","","","","","","","","","","",""
"135151111","","公開","出品中","★送料・関税込★miumiu★マテラッセレザー ショルダーバッグ★","267","MiuMiu(ミュウミュウ)","0","3105","0","1","285000","50","2026-10-20","0","","
★MIUMIU の人気コレクションを大幅割引価格でご案内★

＊ヨーロッパでこそ実現可能なお買い得商品、レアな商品、新商品をいち早く出品しています。

是非 ★ LEMICHU★  をフォローしていただき、お買い得商品のお買い物をお楽しみ下さい。

（アウトレット商品は傷物等ではなく、昨シーズン以前のお品になります）

＊直営店にて買い付け、正真正銘の本物をお届けいたしますのでご安心くださいませ


★在庫★

・ご注文の前に在庫確認をお願いいたします。
","","504_833_1037","1059462","2002003","000","","2002003","000","1","","https://cdn-images.buyma.com/imgdata/item/260723/0135151111/810008759/org.jpg","https://cdn-images.buyma.com/imgdata/item/260723/0135151111/809887326/org.jpg","https://cdn-images.buyma.com/imgdata/item/260723/0135151111/809887327/org.jpg","https://cdn-images.buyma.com/imgdata/item/260723/0135151111/809887328/org.jpg","https://cdn-images.buyma.com/imgdata/item/260723/0135151111/809887329/org.jpg","https://cdn-images.buyma.com/imgdata/item/260723/0135151111/809887330/org.jpg","https://cdn-images.buyma.com/imgdata/item/260723/0135151111/809887332/org.jpg","https://cdn-images.buyma.com/imgdata/item/260723/0135151111/810009066/org.jpg","https://cdn-images.buyma.com/imgdata/item/260723/0135151111/810009067/org.jpg","https://cdn-images.buyma.com/imgdata/item/260723/0135151111/810009068/org.jpg","","","","","","","","","","","","","","","","","","","","","","","","","","","","","","","","","","","","","","","","","","","","","","","","","","","","","","","","","","","","","","","","","","","","","","","","","","",""
"112203212","","公開","出品中","【SALE】 ◆MIUMIU◆Matelasse Leather Wallet 財布","267","MiuMiu(ミュウミュウ)","463","3169","46","1","72580","6","2026-07-30","0","","【SALE】 ◆MIUMIU◆Matelasse Leather Wallet 財布


★MIUMIU の人気コレクションを大幅割引価格でご案内★

＊ヨーロッパでこそ実現可能なお買い得商品、レアな商品、新商品をいち早く出品しています。

是非 ★ LEMICHU★  をフォローしていただき、お買い得商品のお買い物をお楽しみ下さい。

（アウトレット商品は傷物等ではなく、昨シーズン以前のお品になります）

＊直営店にて買い付け、正真正銘の本物をお届けいたしますのでご安心くださいませ


★在庫★

・ご注文の前に在庫確認をお願いいたします。
","マテラッセ技法による非常に洗練された質感と立体的な効果で、モダンでコンパクトなルックを演出するナッパレザーのエンベロープウォレットです。ひと目でわかるアイコニックなミュウミュウのロゴが特徴です。

製品コード: 5MB060_2FPP_F0E18

ジッパークロージャー
メタルレタリングロゴ
紙幣用コンパートメント1つ
クレジットカードスロット5つ
モアレライニング
高さ: 8cm
幅: 13.5cm

◆MIUMIU◆ の商品をもっと見たい方は、下のリンクをクリックしてください。

https://www.buyma.com/r/_MIUMIU-%E3%83%9F%E3%83%A5%E3%82%A6%E3%83%9F%E3%83%A5%E3%82%A6/-B12200692/
","419_504_1037","981088","2003018","000","","2002003","000","1","https://www.miumiu.com/kr/ko/p/%EB%A7%88%ED%85%8C%EB%9D%BC%EC%8E%84-%EB%82%98%ED%8C%8C-%EA%B0%80%EC%A3%BD-%EC%97%94%EB%B2%8C%EB%A1%9C%ED%94%84-%EC%A7%80%EA%B0%91/5MB060_2FPP_F0E18


574,000","https://cdn-images.buyma.com/imgdata/item/241102/0112203212/655418311/org.jpg","https://cdn-images.buyma.com/imgdata/item/241102/0112203212/655418312/org.jpg","https://cdn-images.buyma.com/imgdata/item/241102/0112203212/655418313/org.jpg","https://cdn-images.buyma.com/imgdata/item/241102/0112203212/655418314/org.jpg","https://cdn-images.buyma.com/imgdata/item/241102/0112203212/655418315/org.jpg","","","","","","","","","","","","","","","","5MB060_2FPP_F0E18","","","","","","","","","","","","","","","","","","","","","","","","","","","","","","","","","","","","","","","","","","","","","","","","","","","","","","","","","","","","","","","",""
"112208660","","公開","出品中","【日本未入荷☆】フリース スウェットシャツ","267","MiuMiu(ミュウミュウ)","0","3006","0","98","285000","49","2026-09-14","2","480000","★MIUMIU の人気コレクションを大幅割引価格でご案内★

＊ヨーロッパでこそ実現可能なお買い得商品、レアな商品、新商品をいち早く出品しています。

是非 ★ LEMICHU★  をフォローしていただき、お買い得商品のお買い物をお楽しみ下さい。

（アウトレット商品は傷物等ではなく、昨シーズン以前のお品になります）

＊直営店にて買い付け、正真正銘の本物をお届けいたしますのでご安心くださいませ


★在庫★

・ご注文の前に在庫確認をお願いいたします。


★サイズによって購入先が異なる場合があります。★
","スポーティなキャラクターを備えたこのフリーススウェットシャツのオーバーサイズのラインには、
コントラストのある刺繍ロゴが施されています。

オーバーサイズフィット
ハイカラー
フロントジッパー開閉
長袖
ロゴ刺繍
モデルの身長は180cm、サイズ38を着用しています。
高さ70cm

ポリエステル100%
ポケットの裏地 ポリアミド 100%

【MiuMiu】の商品をもっと見たい方は、下のリンクをクリックしてください。

https://www.buyma.com/r/_MIUMIU-%E3%83%9F%E3%83%A5%E3%82%A6%E3%83%9F%E3%83%A5%E3%82%A6/-B12200692/


","419_504_941_1037","981088","2003018","000","","2002003","000","1","MJL043_15V3_F0002_S_OOO

https://www.miumiu.com/de/de/p/sweatshirt-aus-fleece/MJL043_15V3_F0002_S_OOO
https://www.reversible.com/gb/shopping/women/item/miu-miu-fleece-sweatshirt-961470299?srsltid=AfmBOoqvtuBIbkdtnYErBJZYtbqP7_RQNeO8rO1Saf0R-7St-9l8p8nl","https://cdn-images.buyma.com/imgdata/item/241102/0112208660/655454910/org.jpg","https://cdn-images.buyma.com/imgdata/item/241102/0112208660/655454911/org.jpg","https://cdn-images.buyma.com/imgdata/item/241102/0112208660/655454912/org.jpg","https://cdn-images.buyma.com/imgdata/item/241102/0112208660/655454913/org.jpg","https://cdn-images.buyma.com/imgdata/item/241102/0112208660/655454914/org.jpg","https://cdn-images.buyma.com/imgdata/item/241102/0112208660/655454915/org.jpg","https://cdn-images.buyma.com/imgdata/item/241102/0112208660/655454916/org.jpg","","","","","","","","","","","","","","MJL043_15V3_F0002_S_OOO","","","","","","","","","","","","","","","","","","","","","","","","","","","","","","","","","","","","","","","","","","","","","","","","","","","","","","","","","","","","","","","",""
"112219602","","公開","出品中","【日本未入荷☆】★MIUMIU★ ブレスレットPearl Bracelet","267","MiuMiu(ミュウミュウ)","0","3121","0","98","93000","6","2026-10-23","0","","★MIUMIU の人気コレクションを大幅割引価格でご案内★


＊ヨーロッパでこそ実現可能なお買い得商品、レアな商品、新商品をいち早く出品しています。

是非 ★ LEMICHU★  をフォローしていただき、お買い得商品のお買い物をお楽しみ下さい。

（アウトレット商品は傷物等ではなく、昨シーズン以前のお品になります）

＊直営店にて買い付け、正真正銘の本物をお届けいたしますのでご安心くださいませ


★在庫★

・ご注文の前に在庫確認をお願いいたします。

","繊細なデザインのこのブレスレットは、時代を超えた魅力を放ち、優雅なパールによって一層引き立てられます。

製品コード: 5IB614_2CVA_F04A6

合成パール
ボタン留め
クラスプにロゴ
サンプルサイズ: S/M
幅: 18.51cm


【MiuMiu】の商品をもっと見たい方は、下のリンクをクリックしてください。

https://www.buyma.com/r/_MIUMIU-%E3%83%9F%E3%83%A5%E3%82%A6%E3%83%9F%E3%83%A5%E3%82%A6/-B12200692/


","414_419_848","981088","2003018","000","","2002003","000","1","https://www.miumiu.com/de/de/p/armband-aus-metall-mit-perlen/5IB614_2CVA_F04A6","https://cdn-images.buyma.com/imgdata/item/241102/0112219602/655520354/org.jpg","https://cdn-images.buyma.com/imgdata/item/241102/0112219602/655520355/org.jpg","https://cdn-images.buyma.com/imgdata/item/241102/0112219602/655520356/org.jpg","https://cdn-images.buyma.com/imgdata/item/241102/0112219602/655520357/org.jpg","","","","","","","","","","","","","","","","","5IB614_2CVA_F04A6","","","","","","","","","","","","","","","","","","","","","","","","","","","","","","","","","","","","","","","","","","","","","","","","","","","","","","","","","","","","","","","",""
"112253313","","公開","出品中","【日本未入荷☆】 Cotton Fleece Hoodie フード付きジップアップ","267","MiuMiu(ミュウミュウ)","0","3005","0","98","268600","6","2026-09-23","2","350000","★MIUMIU の人気コレクションを大幅割引価格でご案内★


＊ヨーロッパでこそ実現可能なお買い得商品、レアな商品、新商品をいち早く出品しています。

是非 ★ LEMICHU★  をフォローしていただき、お買い得商品のお買い物をお楽しみ下さい。

（アウトレット商品は傷物等ではなく、昨シーズン以前のお品になります）

＊直営店にて買い付け、正真正銘の本物をお届けいたしますのでご安心くださいませ


★在庫★

・ご注文の前に在庫確認をお願いいたします。

","このコットンフリースフーディのラインは、実験的な性格とライフスタイルを表現しています。ガーメントダイ加工と繊細なディテールのおかげで、シンプルなルックはもちろん、レイヤリングやミックス＆マッチにもぴったりのモデルです。

商品コード：MJL023_15AU_F0031_S_OOO
ストレートフィット
フード付きクルーネック
前面ジッパー
リブカフス付きの長袖
ポーチバッグ
刺繍ロゴ
リブバンド付きのストレートヘム
モデル身長：180cm、38サイズ着用
丈：70cm


【MiuMiu】の商品をもっと見たい方は、下のリンクをクリックしてください。

https://www.buyma.com/r/_MIUMIU-%E3%83%9F%E3%83%A5%E3%82%A6%E3%83%9F%E3%83%A5%E3%82%A6/-B12200692/


","419_504_1037_2495","981088_1009364_1059474","2003018","000","","2002003","000","1","https://www.miumiu.com/de/de/p/sweatshirt-aus-baumwollfleece/MJL023_15AU_F0031_S_OOO

2,028,000","https://cdn-images.buyma.com/imgdata/item/241104/0112253313/655766578/org.jpg","https://cdn-images.buyma.com/imgdata/item/241104/0112253313/655766579/org.jpg","https://cdn-images.buyma.com/imgdata/item/241104/0112253313/655766580/org.jpg","https://cdn-images.buyma.com/imgdata/item/241104/0112253313/655766581/org.jpg","https://cdn-images.buyma.com/imgdata/item/241104/0112253313/655766582/org.jpg","https://cdn-images.buyma.com/imgdata/item/241104/0112253313/655766583/org.jpg","","","","","","","","","","","","","","","MJL023_15AU_F0031_S_OOO","","","","","","","","","","","","","","","","","","","","","","","","","","","","","","","","","","","","","","","","","","","","","","","","","","","","","","","","","","","","","","","",""
"112254649","","公開","出品中","☆MIUMIU☆ IVE着用 Denim Baseball Cap キャップ帽☆","267","MiuMiu(ミュウミュウ)","0","4117","43","98","85900","3","2026-07-30","2","145000","★ MIUMIU の人気コレクションを大幅割引価格でご案内★

＊ヨーロッパでこそ実現可能なお買い得商品、レアな商品、新商品をいち早く出品しています。

是非 ★ LEMICHU★  をフォローしていただき、お買い得商品のお買い物をお楽しみ下さい。

（アウトレット商品は傷物等ではなく、昨シーズン以前のお品になります）

＊直営店にて買い付け、正真正銘の本物をお届けいたしますのでご安心くださいませ


★在庫★

・ご注文の前に在庫確認をお願いいたします。




","【MIUMIU】 の商品をもっと見たい方は、下のリンクをクリックしてください。
https://www.buyma.com/r/_MIUMIU-%E3%83%9F%E3%83%A5%E3%82%A6%E3%83%9F%E3%83%A5%E3%82%A6/-B12200692/","414_419","981088","2002003","000","","2002003","000","1","5HC179 2CL4 F0008

564,000

https://m.ssg.com/item/itemView.ssg?itemId=1000615959836&siteNo=6001&salestrNo=6005&ckwhere=ssg_naver&appPopYn=n&utm_medium=PCS&utm_source=naver&utm_campaign=naver_pcs&NaPm=ct%3Dm4p2ywvk%7Cci%3Debf245b928038178455de963291f759c4748b089%7Ctr%3Dslsl%7Csn%3D218835%7Chk%3D0c2cc5bf3e63b1ae83452d69dd95d96b8f250804

https://smartstore.naver.com/eurochic/products/10339036773?NaPm=ct%3Dm32nwh9c%7Cci%3D4ed147b3d15a0e03062c12e08ebf8ac7d41bbc40%7Ctr%3Dslsl%7Csn%3D2441968%7Chk%3D60ec8ab2a98f966e7a8ea08953f32bf06b6b02d3&nl-au=bb4afc0188d5482cb023df998e9fec59&nl-query=%EB%AF%B8%EC%9A%B0%EB%AF%B8%EC%9A%B0+%EB%B3%BC%EC%BA%A1","https://cdn-images.buyma.com/imgdata/item/241104/0112254649/655775503/org.jpg","https://cdn-images.buyma.com/imgdata/item/241104/0112254649/655775504/org.jpg","https://cdn-images.buyma.com/imgdata/item/241104/0112254649/655775505/org.jpg","https://cdn-images.buyma.com/imgdata/item/241104/0112254649/655775506/org.jpg","https://cdn-images.buyma.com/imgdata/item/241104/0112254649/655775507/org.jpg","https://cdn-images.buyma.com/imgdata/item/241104/0112254649/655775508/org.jpg","https://cdn-images.buyma.com/imgdata/item/241104/0112254649/655775509/org.jpg","https://cdn-images.buyma.com/imgdata/item/241104/0112254649/655775510/org.jpg","https://cdn-images.buyma.com/imgdata/item/241104/0112254649/655775511/org.jpg","https://cdn-images.buyma.com/imgdata/item/241104/0112254649/655775512/org.jpg","https://cdn-images.buyma.com/imgdata/item/241104/0112254649/655775513/org.jpg","","","","","","","","","","","","","","","","","","","","","","","","","","","","","","","","","","","","","","","","","","","","","","","","","","","","","","","","","","","","","","","","","","","","","","","","","",""
"115246247","","公開","出品中","【SALE】 ◆MIUMIU◆ 洗練されたチェック柄バケットハット","267","MiuMiu(ミュウミュウ)","0","4116","0","1","51800","22","2026-07-30","2","105000","★MIUMIU の人気コレクションを大幅割引価格でご案内★

＊ヨーロッパでこそ実現可能なお買い得商品、レアな商品、新商品をいち早く出品しています。

是非 ★ LEMICHU★  をフォローしていただき、お買い得商品のお買い物をお楽しみ下さい。

（アウトレット商品は傷物等ではなく、昨シーズン以前のお品になります）

＊直営店にて買い付け、正真正銘の本物をお届けいたしますのでご安心くださいませ


★在庫★

・ご注文の前に在庫確認をお願いいたします。
","■商品名
MIUMIU ミュウミュウ バケットハット 5HC196 2F87 レディース チェック柄 千鳥格子 ウール ロゴ刺繍 帽子 F0BD9/GRIGIO+NERO

■シーズン
2023年秋冬新作

■モデル
5HC196 2F87

■カラー
F0BD9/GRIGIO+NERO　グレー他

■サイズ

頭周り：57ｃｍ【M】頭周り
ツバ長さ:7
※サイズ調節不可


■素材
表地：ヴァージンウール100％
裏地：ポリエステル57％、アセテート43％


■生産国
made inITALY

◆MIUMIU◆ の商品をもっと見たい方は、下のリンクをクリックしてください。

https://www.buyma.com/r/_MIUMIU-%E3%83%9F%E3%83%A5%E3%82%A6%E3%83%9F%E3%83%A5%E3%82%A6/-B12200692/
","273_414_419","981088","2002003","000","","2002003","000","1","389,000
5HC196 2F87 F0BD9

https://smartstore.naver.com/euromall24/products/10805693814?NaPm=ct%3Dm6opwy5c%7Cci%3Dc9eeb31faeb31b470afcad64f0a3075fd241bebc%7Ctr%3Dslct%7Csn%3D468332%7Chk%3Daa3cbdc007f5c5adcae39cc79986b113c7595d29&nl-au=a5bee86f7d7a4a2f932124ef93d54df4&nl-query=5HC196+2F87+F0BD9","https://cdn-images.buyma.com/imgdata/item/250203/0115246247/675603772/org.jpg","https://cdn-images.buyma.com/imgdata/item/250203/0115246247/675603773/org.jpg","https://cdn-images.buyma.com/imgdata/item/250203/0115246247/675603774/org.jpg","https://cdn-images.buyma.com/imgdata/item/250203/0115246247/675603775/org.jpg","https://cdn-images.buyma.com/imgdata/item/250203/0115246247/675603776/org.jpg","https://cdn-images.buyma.com/imgdata/item/250203/0115246247/675603777/org.jpg","https://cdn-images.buyma.com/imgdata/item/250203/0115246247/675603778/org.jpg","https://cdn-images.buyma.com/imgdata/item/250203/0115246247/675603779/org.jpg","https://cdn-images.buyma.com/imgdata/item/250203/0115246247/675603780/org.jpg","https://cdn-images.buyma.com/imgdata/item/250203/0115246247/675603781/org.jpg","https://cdn-images.buyma.com/imgdata/item/250203/0115246247/675603782/org.jpg","https://cdn-images.buyma.com/imgdata/item/250203/0115246247/675603783/org.jpg","https://cdn-images.buyma.com/imgdata/item/250203/0115246247/675603784/org.jpg","https://cdn-images.buyma.com/imgdata/item/250203/0115246247/675603785/org.jpg","https://cdn-images.buyma.com/imgdata/item/250203/0115246247/675603786/org.jpg","https://cdn-images.buyma.com/imgdata/item/250203/0115246247/675603787/org.jpg","","","","","","","","","","","","","","","","","","","","","","","","","","","","","","","","","","","","","","","","","","","","","","","","","","","","","","","","","","","","","","","","","","","","",""
"118431275","","公開","出品中","【SALE】◆MIUMIU◆23SS★限定ピンクサングラス","267","MiuMiu(ミュウミュウ)","0","3140","0","1","59850","50","2026-08-29","2","75000","★MIUMIU の人気コレクションを大幅割引価格でご案内★

＊ヨーロッパでこそ実現可能なお買い得商品、レアな商品、新商品をいち早く出品しています。

是非 ★ LEMICHU★  をフォローしていただき、お買い得商品のお買い物をお楽しみ下さい。

（アウトレット商品は傷物等ではなく、昨シーズン以前のお品になります）

＊直営店にて買い付け、正真正銘の本物をお届けいたしますのでご安心くださいませ


★在庫★

・ご注文の前に在庫確認をお願いいたします。
","
◆MIUMIU◆ の商品をもっと見たい方は、下のリンクをクリックしてください。

https://www.buyma.com/r/_MIUMIU-%E3%83%9F%E3%83%A5%E3%82%A6%E3%83%9F%E3%83%A5%E3%82%A6/-B12200692/
","419_591","981088_1009364","2003018","000","","2002003","000","1","420,000
SMU54Y","https://cdn-images.buyma.com/imgdata/item/250514/0118431275/697069890/org.jpg","https://cdn-images.buyma.com/imgdata/item/250514/0118431275/697069886/org.jpg","https://cdn-images.buyma.com/imgdata/item/250514/0118431275/697069887/org.jpg","https://cdn-images.buyma.com/imgdata/item/250514/0118431275/697069888/org.jpg","https://cdn-images.buyma.com/imgdata/item/250514/0118431275/697069889/org.jpg","https://cdn-images.buyma.com/imgdata/item/250514/0118431275/697069891/org.jpg","","","","","","","","","","","","","","","","","","","","","","","","","","","","","","","","","","","","","","","","","","","","","","","","","","","","","","","","","","","","","","","","","","","","","","","","","","","","","","",""
"117070807","","公開","出品中","【CELINE】ストライプのノースリーブタンクトップ","466","CELINE(セリーヌ)","0","3011","0","0","88500","47","2026-08-16","2","115000","★CELINE の人気コレクションを大幅割引価格でご案内★

＊ヨーロッパでこそ実現可能なお買い得商品、レアな商品、新商品をいち早く出品しています。

是非 ★ LEMICHU★  をフォローしていただき、お買い得商品のお買い物をお楽しみ下さい。

（アウトレット商品は傷物等ではなく、昨シーズン以前のお品になります）

＊直営店にて買い付け、正真正銘の本物をお届けいたしますのでご安心くださいませ

★在庫★

・ご注文の前に在庫確認をお願いいたします。

","","419_504_941_1037","981088_1009364_1059472","2002003","000","","2002003","000","1","2A22O372N","https://cdn-images.buyma.com/imgdata/item/250327/0117070807/687589784/org.jpg","https://cdn-images.buyma.com/imgdata/item/250327/0117070807/687589785/org.jpg","https://cdn-images.buyma.com/imgdata/item/250327/0117070807/687589786/org.jpg","https://cdn-images.buyma.com/imgdata/item/250327/0117070807/687589787/org.jpg","https://cdn-images.buyma.com/imgdata/item/250327/0117070807/687589788/org.jpg","https://cdn-images.buyma.com/imgdata/item/250327/0117070807/687589789/org.jpg","https://cdn-images.buyma.com/imgdata/item/250327/0117070807/687589790/org.jpg","https://cdn-images.buyma.com/imgdata/item/250327/0117070807/687589791/org.jpg","https://cdn-images.buyma.com/imgdata/item/250327/0117070807/687589792/org.jpg","https://cdn-images.buyma.com/imgdata/item/250327/0117070807/687589793/org.jpg","https://cdn-images.buyma.com/imgdata/item/250327/0117070807/687589794/org.jpg","","","","","","","","","","","","","","","","","","","","","","","","","","","","","","","","","","","","","","","","","","","","","","","","","","","","","","","","","","","","","","","","","","","","","","","","","",""
"113510211","","公開","出品中","【CELINE】 Medium Ava Bag パステルピンク","466","CELINE(セリーヌ)","0","3105","46","0","295000","20","2026-10-14","2","420000","
＊ヨーロッパでこそ実現可能なお買い得商品、レアな商品、新商品をいち早く出品しています。

是非 ★ LEMICHU★  をフォローしていただき、お買い得商品のお買い物をお楽しみ下さい。

（アウトレット商品は傷物等ではなく、昨シーズン以前のお品になります）

＊直営店にて買い付け、正真正銘の本物をお届けいたしますのでご安心くださいませ

★在庫★

・ご注文の前に在庫確認をお願いいたします。

","AVA : 24.5 X 17 X 9 CM
ショルダーキャリー & ハンドキャリー
調節可能なストラップ 最短 22 CM & 最長 23 CM

プラダ製品がもっと気になる方は、下のリンクをクリック！
https://www.buyma.com/r/_PRADA-%E3%83%97%E3%83%A9%E3%83%80/-B12200692/

","419_504_1037","981088","2002003","000","","2002003","000","1","2,600,000
1144493DGQ 24PP","https://cdn-images.buyma.com/imgdata/item/241209/0113510211/664453234/org.jpg","https://cdn-images.buyma.com/imgdata/item/241209/0113510211/664453235/org.jpg","https://cdn-images.buyma.com/imgdata/item/241209/0113510211/664453236/org.jpg","https://cdn-images.buyma.com/imgdata/item/241209/0113510211/664453237/org.jpg","","","","","","","","","","","","","","","","","","","","","","","","","","","","","","","","","","","","","","","","","","","","","","","","","","","","","","","","","","","","","","","","","","","","","","","","","","","","","","","","",""
"117223685","","公開","出品中","【CELINE】コイン＆カードポーチ★関税込み","466","CELINE(セリーヌ)","0","3113","0","0","82000","50","2026-09-14","2","118000","★CELINE の人気コレクションを大幅割引価格でご案内★

＊ヨーロッパでこそ実現可能なお買い得商品、レアな商品、新商品をいち早く出品しています。

是非 ★ LEMICHU★  をフォローしていただき、お買い得商品のお買い物をお楽しみ下さい。

（アウトレット商品は傷物等ではなく、昨シーズン以前のお品になります）

＊直営店にて買い付け、正真正銘の本物をお届けいたしますのでご安心くださいませ

★在庫★

・ご注文の前に在庫確認をお願いいたします。

","・13 X 9 X 1 CM","419_504_1037","981088_1009364","2002003","000","","2002003","000","1","546,000
10C663DR8-24PI
https://smartstore.naver.com/london_siljang/products/8311860142?NaPm=ct%3Dm8ymr2a0%7Cci%3Df3dc026062fe73152b9369bd729793d6fdb2a631%7Ctr%3Dslsl%7Csn%3D7175794%7Chk%3D5c4ce149dca0582da198bcc65a516206eccd5227&nl-query=10C663DR8-24PI
해외에서 찾기","https://cdn-images.buyma.com/imgdata/item/250402/0117223685/688659090/org.jpg","https://cdn-images.buyma.com/imgdata/item/250402/0117223685/688659091/org.jpg","https://cdn-images.buyma.com/imgdata/item/250402/0117223685/688659092/org.jpg","https://cdn-images.buyma.com/imgdata/item/250402/0117223685/688659093/org.jpg","https://cdn-images.buyma.com/imgdata/item/250402/0117223685/688659094/org.jpg","https://cdn-images.buyma.com/imgdata/item/250402/0117223685/688659095/org.jpg","https://cdn-images.buyma.com/imgdata/item/250402/0117223685/688659096/org.jpg","https://cdn-images.buyma.com/imgdata/item/250402/0117223685/688659097/org.jpg","https://cdn-images.buyma.com/imgdata/item/250402/0117223685/688659098/org.jpg","https://cdn-images.buyma.com/imgdata/item/250402/0117223685/688659099/org.jpg","https://cdn-images.buyma.com/imgdata/item/250402/0117223685/688659100/org.jpg","https://cdn-images.buyma.com/imgdata/item/250402/0117223685/688659101/org.jpg","","","","","","","","","10C663DR8-24PI","","","","","","","","","","","","","","","","","","","","","","","","","","","","","","","","","","","","","","","","","","","","","","","","","","","","","","","","","","","","","","","",""
"126673937","","公開","出品中","【CELINE】ロゴドローコード★こなれ感グレーパーカー","466","CELINE(セリーヌ)","0","3264","0","0","138500","46","2026-10-11","2","180000","★CELINE の人気コレクションを大幅割引価格でご案内★

＊ヨーロッパでこそ実現可能なお買い得商品、レアな商品、新商品をいち早く出品しています。

是非 ★ LEMICHU★  をフォローしていただき、お買い得商品のお買い物をお楽しみ下さい。

（アウトレット商品は傷物等ではなく、昨シーズン以前のお品になります）

＊直営店にて買い付け、正真正銘の本物をお届けいたしますのでご安心くださいませ

★在庫★

・ご注文の前に在庫確認をお願いいたします。

","","","981088_1009364_1059467_1059470_1059474_1069862","2002003","000","","2002003","000","1","","https://cdn-images.buyma.com/imgdata/item/260110/0126673937/749550178/org.jpg","https://cdn-images.buyma.com/imgdata/item/260110/0126673937/749550179/org.jpg","https://cdn-images.buyma.com/imgdata/item/260110/0126673937/749550180/org.jpg","https://cdn-images.buyma.com/imgdata/item/260110/0126673937/749550181/org.jpg","https://cdn-images.buyma.com/imgdata/item/260110/0126673937/749550182/org.jpg","https://cdn-images.buyma.com/imgdata/item/260110/0126673937/749550183/org.jpg","https://cdn-images.buyma.com/imgdata/item/260110/0126673937/749550184/org.jpg","https://cdn-images.buyma.com/imgdata/item/260110/0126673937/749550185/org.jpg","https://cdn-images.buyma.com/imgdata/item/260110/0126673937/749550186/org.jpg","","","","","","","","","","","","2Y468052H-08GC","","","","","","","","","","","","","","","","","","","","","","","","","","","","","","","","","","","","","","","","","","","","","","","","","","","","","","","","","","","","","","","",""
"127097825","","公開","出品中","【CELINE】★ ロゴ刺繍 襟付き スリムジャケット","466","CELINE(セリーヌ)","0","3303","0","0","260000","6","2026-09-23","0","","★CELINE の人気コレクションを大幅割引価格でご案内★

＊ヨーロッパでこそ実現可能なお買い得商品、レアな商品、新商品をいち早く出品しています。

是非 ★ LEMICHU★  をフォローしていただき、お買い得商品のお買い物をお楽しみ下さい。

（アウトレット商品は傷物等ではなく、昨シーズン以前のお品になります）

＊直営店にて買い付け、正真正銘の本物をお届けいたしますのでご安心くださいませ

★在庫★

・ご注文の前に在庫確認をお願いいたします。

","","419_504_1037","981088_1009364_1069862","2002003","000","","2002003","000","1","","https://cdn-images.buyma.com/imgdata/item/260124/0127097825/752422067/org.jpg","https://cdn-images.buyma.com/imgdata/item/260124/0127097825/752422068/org.jpg","https://cdn-images.buyma.com/imgdata/item/260124/0127097825/752422069/org.jpg","https://cdn-images.buyma.com/imgdata/item/260124/0127097825/752422070/org.jpg","https://cdn-images.buyma.com/imgdata/item/260124/0127097825/752422071/org.jpg","https://cdn-images.buyma.com/imgdata/item/260124/0127097825/752422072/org.jpg","https://cdn-images.buyma.com/imgdata/item/260124/0127097825/752422073/org.jpg","","","","","","","","","","","","","","RV029748Q-07PM","","","","","","","","","","","","","","","","","","","","","","","","","","","","","","","","","","","","","","","","","","","","","","","","","","","","","","","","","","","","","","","",""
"128042815","","公開","出品中","【CELINE】★Triompheミニサドル華奢見えキャメル","466","CELINE(セリーヌ)","0","3341","49","1","143500","5","2026-08-15","2","200000","★CELINE の人気コレクションを大幅割引価格でご案内★

＊ヨーロッパでこそ実現可能なお買い得商品、レアな商品、新商品をいち早く出品しています。

是非 ★ LEMICHU★  をフォローしていただき、お買い得商品のお買い物をお楽しみ下さい。

（アウトレット商品は傷物等ではなく、昨シーズン以前のお品になります）

＊直営店にて買い付け、正真正銘の本物をお届けいたしますのでご安心くださいませ

★在庫★

・ご注文の前に在庫確認をお願いいたします。

","","","1009364_1059462","2002003","000","","2002003","000","1","","https://cdn-images.buyma.com/imgdata/item/260216/0128042815/759648114/org.jpg","https://cdn-images.buyma.com/imgdata/item/260216/0128042815/759648115/org.jpg","https://cdn-images.buyma.com/imgdata/item/260216/0128042815/759648116/org.jpg","https://cdn-images.buyma.com/imgdata/item/260216/0128042815/759648117/org.jpg","https://cdn-images.buyma.com/imgdata/item/260216/0128042815/759648118/org.jpg","https://cdn-images.buyma.com/imgdata/item/260216/0128042815/759648119/org.jpg","","","","","","","","","","","","","","","10J303DPQ-01BC","","","","","","","","","","","","","","","","","","","","","","","","","","","","","","","","","","","","","","","","","","","","","","","","","","","","","","","","","","","","","","","",""
"130750165","","公開","出品中","【CELINE】★芸能人愛用ロゴボールキャップ大人可愛い","466","CELINE(セリーヌ)","0","4208","0","0","79000","1","2026-10-08","2","124500","★CELINE の人気コレクションを大幅割引価格でご案内★

＊ヨーロッパでこそ実現可能なお買い得商品、レアな商品、新商品をいち早く出品しています。

是非 ★ LEMICHU★  をフォローしていただき、お買い得商品のお買い物をお楽しみ下さい。

（アウトレット商品は傷物等ではなく、昨シーズン以前のお品になります）

＊直営店にて買い付け、正真正銘の本物をお届けいたしますのでご安心くださいませ

★在庫★

・ご注文の前に在庫確認をお願いいたします。

","","419","1009364_1059462_1059470","2003018","000","","2002003","000","1","","https://cdn-images.buyma.com/imgdata/item/260415/0130750165/779592019/org.jpg","https://cdn-images.buyma.com/imgdata/item/260415/0130750165/779592020/org.jpg","https://cdn-images.buyma.com/imgdata/item/260415/0130750165/779592021/org.jpg","https://cdn-images.buyma.com/imgdata/item/260415/0130750165/779592022/org.jpg","https://cdn-images.buyma.com/imgdata/item/260415/0130750165/779592023/org.jpg","https://cdn-images.buyma.com/imgdata/item/260415/0130750165/779592024/org.jpg","https://cdn-images.buyma.com/imgdata/item/260415/0130750165/779592025/org.jpg","https://cdn-images.buyma.com/imgdata/item/260415/0130750165/779592026/org.jpg","","","","","","","","","","","","","","","","","","","","","","","","","","","","","","","","","","","","","","","","","","","","","","","","","","","","","","","","","","","","","","","","","","","","","","","","","","","","",""
"130750984","","公開","出品中","【CELINE】★ロゴ映え大人可愛いミニマル長袖Tシャツ","466","CELINE(セリーヌ)","0","3001","0","0","98000","50","2026-10-13","2","148000","★CELINE の人気コレクションを大幅割引価格でご案内★

＊ヨーロッパでこそ実現可能なお買い得商品、レアな商品、新商品をいち早く出品しています。

是非 ★ LEMICHU★  をフォローしていただき、お買い得商品のお買い物をお楽しみ下さい。

（アウトレット商品は傷物等ではなく、昨シーズン以前のお品になります）

＊直営店にて買い付け、正真正銘の本物をお届けいたしますのでご安心くださいませ

★在庫★

・ご注文の前に在庫確認をお願いいたします。

","【カラー】
オフホワイト

【素材】
コットン：100%

【サイズ】
XS：JP 7
S：JP 9
M：JP 11-13
L：JP 15-17

【仕様】
・“CELINE PARIS トリオンフ”プリント
・クラシックフィット
・クルーネック
・ショートスリーブ
・コントラストのあるリブ編みトリム
・イタリア製","419_436_504_941_1037","1009364_1059462_1059473","2003018","000","","2002003","000","1","","https://cdn-images.buyma.com/imgdata/item/260415/0130750984/779595281/org.jpg","https://cdn-images.buyma.com/imgdata/item/260415/0130750984/779595282/org.jpg","https://cdn-images.buyma.com/imgdata/item/260415/0130750984/779595283/org.jpg","https://cdn-images.buyma.com/imgdata/item/260415/0130750984/779595284/org.jpg","https://cdn-images.buyma.com/imgdata/item/260415/0130750984/779595285/org.jpg","https://cdn-images.buyma.com/imgdata/item/260415/0130750984/779595286/org.jpg","","","","","","","","","","","","","","","","","","","","","","","","","","","","","","","","","","","","","","","","","","","","","","","","","","","","","","","","","","","","","","","","","","","","","","","","","","","","","","",""
"130751461","","公開","出品中","【CELINE】★高級感ロゴフーディジップアップ洗練ストリート","466","CELINE(セリーヌ)","0","3005","0","0","225000","5","2026-10-13","0","","★CELINE の人気コレクションを大幅割引価格でご案内★

＊ヨーロッパでこそ実現可能なお買い得商品、レアな商品、新商品をいち早く出品しています。

是非 ★ LEMICHU★  をフォローしていただき、お買い得商品のお買い物をお楽しみ下さい。

（アウトレット商品は傷物等ではなく、昨シーズン以前のお品になります）

＊直営店にて買い付け、正真正銘の本物をお届けいたしますのでご安心くださいませ

★在庫★

・ご注文の前に在庫確認をお願いいたします。

","","419_504_941_1037","1009364_1059462_1059473_1059472","2003018","000","","2002003","000","1","","https://cdn-images.buyma.com/imgdata/item/260415/0130751461/779597523/org.jpg","https://cdn-images.buyma.com/imgdata/item/260415/0130751461/779597524/org.jpg","https://cdn-images.buyma.com/imgdata/item/260415/0130751461/779597525/org.jpg","https://cdn-images.buyma.com/imgdata/item/260415/0130751461/779597526/org.jpg","https://cdn-images.buyma.com/imgdata/item/260415/0130751461/779597527/org.jpg","https://cdn-images.buyma.com/imgdata/item/260415/0130751461/779597528/org.jpg","https://cdn-images.buyma.com/imgdata/item/260415/0130751461/779597529/org.jpg","https://cdn-images.buyma.com/imgdata/item/260415/0130751461/779597530/org.jpg","","","","","","","","","","","","","","","","","","","","","","","","","","","","","","","","","","","","","","","","","","","","","","","","","","","","","","","","","","","","","","","","","","","","","","","","","","","","",""
"117071205","","公開","出品中","【CELINE】身長が高く見える厚底スリッパ","466","CELINE(セリーヌ)","0","3080","0","0","138500","50","2026-10-25","2","185000","★CELINE の人気コレクションを大幅割引価格でご案内★

＊ヨーロッパでこそ実現可能なお買い得商品、レアな商品、新商品をいち早く出品しています。

是非 ★ LEMICHU★  をフォローしていただき、お買い得商品のお買い物をお楽しみ下さい。

（アウトレット商品は傷物等ではなく、昨シーズン以前のお品になります）

＊直営店にて買い付け、正真正銘の本物をお届けいたしますのでご安心くださいませ

★在庫★

・ご注文の前に在庫確認をお願いいたします。

","","419_504_1037","981088_1009364","2002003","000","","2002003","000","1","650,000","https://cdn-images.buyma.com/imgdata/item/250327/0117071205/687599288/org.jpg","https://cdn-images.buyma.com/imgdata/item/250327/0117071205/687599289/org.jpg","https://cdn-images.buyma.com/imgdata/item/250327/0117071205/687599290/org.jpg","https://cdn-images.buyma.com/imgdata/item/250327/0117071205/687599291/org.jpg","https://cdn-images.buyma.com/imgdata/item/250327/0117071205/687599292/org.jpg","https://cdn-images.buyma.com/imgdata/item/250327/0117071205/687599293/org.jpg","","","","","","","","","","","","","","","","","","","","","","","","","","","","","","","","","","","","","","","","","","","","","","","","","","","","","","","","","","","","","","","","","","","","","","","","","","","","","","",""
