buyma_category,buyma_name_ja,depth1,depth2,items_active
3102,エコバッグ(L),가방,가방 기타,2
3103,かごバッグ(L),가방,가방 기타,0
3108,バッグその他(L),가방,가방 기타,12
3345,ビジネスバッグ(M),가방,가방 기타,0
3346,バッグその他(M),가방,가방 기타,1
9823,エコバッグ(M),가방,가방 기타,0
3107,バックパック・リュック(L),가방,백팩,101
3344,バックパック(M),가방,백팩,26
3106,ボストンバッグ(L),가방,보스턴백,24
3343,ボストンバッグ(M),가방,보스턴백,14
3105,ショルダーバッグ・ポシェット(L),가방,숄더백·크로스백,373
3341,ショルダーバッグ(M),가방,숄더백·크로스백,42
3104,クラッチバッグ(L),가방,클러치·파우치,7
3170,ポーチ(L),가방,클러치·파우치,0
3255,パーティーバッグ(L),가방,클러치·파우치,0
3347,クラッチバッグ(M),가방,클러치·파우치,0
3100,トートバッグ(L),가방,토트백,187
3342,トートバッグ(M),가방,토트백,15
3101,ハンドバッグ(L),가방,핸드백·미니백,148
2305,香水・フレグランス,기타,뷰티·라이프,2
3416,生活雑貨,기타,뷰티·라이프,1
3491,コスメ・ギフトセット,기타,뷰티·라이프,2
3540,家電・キッチン,기타,뷰티·라이프,1
4326,リップ・コスメ,기타,뷰티·라이프,1
4414,キャンドル・ルームフレグランス,기타,뷰티·라이프,1
4422,ペット用品,기타,뷰티·라이프,2
4504,キッズ トップス,기타,키즈,1
4513,キッズ ウェア,기타,키즈,5
4523,キッズ バッグ,기타,키즈,3
4116,ハット(L),모자,버킷햇·햇,22
4118,ストローハット(L),모자,버킷햇·햇,1
4207,ハット(M),모자,버킷햇·햇,4
4119,ニットキャップ・ビーニー(L),모자,비니·기타,7
4120,ベレー帽(L),모자,비니·기타,0
4121,ハンチング(L),모자,비니·기타,0
4122,帽子その他(L),모자,비니·기타,4
4209,ニットキャップ・ビーニー(M),모자,비니·기타,0
4117,キャップ(L),모자,캡,20
4208,キャップ(M),모자,캡,13
3084,ロングブーツ(L),신발,부츠,13
3085,ショートブーツ(L),신발,부츠,8
3086,レインブーツ(L),신발,부츠,0
3087,ブーツその他(L),신발,부츠,10
3323,ブーツ(M),신발,부츠,3
4112,ミドルブーツ(L),신발,부츠,6
3080,サンダル・ミュール(L),신발,샌들·슬리퍼,159
3320,サンダル(M),신발,샌들·슬리퍼,62
3081,スニーカー(L),신발,스니커즈,308
3089,ランニングシューズ(L),신발,스니커즈,0
3321,スニーカー(M),신발,스니커즈,132
3325,ランニングシューズ(M),신발,스니커즈,0
4108,スリッポン(L),신발,스니커즈,28
3083,シューズその他(L),신발,신발 기타,1
3324,靴その他(M),신발,신발 기타,2
4111,レインシューズ(L),신발,신발 기타,0
3088,フラットシューズ(L),신발,플랫·로퍼,7
3322,ドレスシューズ(M),신발,플랫·로퍼,4
4109,ローファー・オックスフォード(L),신발,플랫·로퍼,10
4110,バレエシューズ(L),신발,플랫·로퍼,5
3082,パンプス(L),신발,힐·펌프스,7
3254,パーティーシューズ(L),신발,힐·펌프스,1
3161,スカーフ(L),액세서리,머플러·스카프,7
3162,マフラー・ストール(L),액세서리,머플러·스카프,36
3401,マフラー(M),액세서리,머플러·스카프,21
4235,ストール(M),액세서리,머플러·스카프,0
3140,サングラス(L),액세서리,선글라스·아이웨어,3
3141,メガネ(L),액세서리,선글라스·아이웨어,1
3142,アイウェアその他(L),액세서리,선글라스·아이웨어,0
3123,天然石(L),액세서리,액세서리 기타,0
3124,ヘアアクセサリー(L),액세서리,액세서리 기타,0
3125,アクセサリーその他(L),액세서리,액세서리 기타,0
3163,手袋(L),액세서리,액세서리 기타,4
3164,ベルト(L),액세서리,액세서리 기타,0
3165,傘・レイングッズ(L),액세서리,액세서리 기타,0
3171,雑貨その他(L),액세서리,액세서리 기타,0
3172,スマホケース・テックアクセ(L),액세서리,액세서리 기타,2
3253,パーティーアクセ(L),액세서리,액세서리 기타,0
3259,ブローチ(L),액세서리,액세서리 기타,0
3403,手袋(M),액세서리,액세서리 기타,2
3404,ベルト(M),액세서리,액세서리 기타,0
3413,ネクタイ(M),액세서리,액세서리 기타,0
3875,マスク(L),액세서리,액세서리 기타,0
4123,耳あて(L),액세서리,액세서리 기타,8
4124,ハンカチ(L),액세서리,액세서리 기타,0
4223,スポーツアクセサリー,액세서리,액세서리 기타,1
3120,ネックレス(L),액세서리,주얼리,1
3121,ピアス(L),액세서리,주얼리,14
3122,指輪(L),액세서리,주얼리,0
3129,ブレスレット(L),액세서리,주얼리,0
3130,アンクレット(L),액세서리,주얼리,0
4152,イヤリング(L),액세서리,주얼리,0
3004,ニット・セーター(L),의류,니트·가디건,96
3065,カーディガン(L),의류,니트·가디건,59
3266,ニット・セーター(M),의류,니트·가디건,46
3309,カーディガン(M),의류,니트·가디건,7
4101,アンサンブル(L),의류,니트·가디건,0
3062,ダウンジャケット・コート(L),의류,다운·패딩,122
3067,ダウンベスト(L),의류,다운·패딩,14
3302,ダウンジャケット(M),의류,다운·패딩,64
3311,ダウンベスト(M),의류,다운·패딩,4
3007,ブラウス・シャツ(L),의류,셔츠·블라우스,11
3263,シャツ(M),의류,셔츠·블라우스,8
3020,スカート(L),의류,원피스·스커트,47
3021,ミニスカート(L),의류,원피스·스커트,33
3040,ワンピース(L),의류,원피스·스커트,81
3041,オールインワン(L),의류,원피스·스커트,0
3042,ワンピースその他(L),의류,원피스·스커트,6
4103,セットアップ(L),의류,원피스·스커트,5
4134,水着(L),의류,의류 기타,1
3061,ジャケット(L),의류,재킷·블루종,274
3063,ブルゾン(L),의류,재킷·블루종,23
3064,アウターその他(L),의류,재킷·블루종,105
3257,フリースジャケット(L),의류,재킷·블루종,38
3301,ジャケットその他(M),의류,재킷·블루종,67
3303,ブルゾン(M),의류,재킷·블루종,63
3304,アウターその他(M),의류,재킷·블루종,59
3305,レザージャケット(M),의류,재킷·블루종,13
3312,テーラードジャケット(M),의류,재킷·블루종,1
4104,レザージャケット・コート(L),의류,재킷·블루종,11
4107,ベスト・ジレ(L),의류,재킷·블루종,0
4236,フリースジャケット(M),의류,재킷·블루종,21
9815,MA-1(M),의류,재킷·블루종,0
9816,マウンテンパーカー(M),의류,재킷·블루종,0
9817,スタジャン(M),의류,재킷·블루종,0
9818,スカジャン(M),의류,재킷·블루종,0
9821,デニムジャケット(M),의류,재킷·블루종,19
9822,コーチジャケット(M),의류,재킷·블루종,1
3060,コート(L),의류,코트,8
3066,ポンチョ・ケープ(L),의류,코트,2
3300,コートその他(M),의류,코트,0
3306,ピーコート(M),의류,코트,0
3307,ダッフルコート(M),의류,코트,0
3308,トレンチコート(M),의류,코트,0
4105,トレンチコート(L),의류,코트,2
4106,ムートン・ファーコート(L),의류,코트,3
9819,モッズコート(M),의류,코트,0
9820,チェスターコート(M),의류,코트,0
3001,Tシャツ・カットソー(L),의류,티셔츠·탑,365
3003,チュニック(L),의류,티셔츠·탑,0
3008,ポロシャツ(L),의류,티셔츠·탑,29
3009,ベスト・ジレ(L),의류,티셔츠·탑,0
3010,トップスその他(L),의류,티셔츠·탑,27
3011,タンクトップ(L),의류,티셔츠·탑,83
3260,Tシャツ・カットソー(M),의류,티셔츠·탑,119
3261,ポロシャツ(M),의류,티셔츠·탑,23
3268,トップスその他(M),의류,티셔츠·탑,9
3269,タンクトップ(M),의류,티셔츠·탑,1
4102,キャミソール(L),의류,티셔츠·탑,2
4201,ベスト・ジレ(M),의류,티셔츠·탑,0
3022,パンツ(L),의류,팬츠·데님,114
3023,ショートパンツ(L),의류,팬츠·데님,18
3024,デニム・ジーパン(L),의류,팬츠·데님,24
3025,ボトムスその他(L),의류,팬츠·데님,1
3281,デニム・ジーパン(M),의류,팬츠·데님,22
3282,ハーフパンツ(M),의류,팬츠·데님,14
3285,パンツその他(M),의류,팬츠·데님,25
9807,カーゴパンツ(M),의류,팬츠·데님,14
9808,スウェットパンツ(M),의류,팬츠·데님,0
9809,スラックス(M),의류,팬츠·데님,0
9810,オーバーオール(M),의류,팬츠·데님,0
9811,チノパンツ(M),의류,팬츠·데님,1
9812,トラックパンツ(M),의류,팬츠·데님,15
3005,パーカー・フーディ(L),의류,후디·스웨트,157
3006,スウェット・トレーナー(L),의류,후디·스웨트,60
3264,パーカー・フーディ(M),의류,후디·스웨트,86
3265,スウェット・トレーナー(M),의류,후디·스웨트,31
3310,ジャージ(M),의류,후디·스웨트,29
4472,追加支払い用出品(상품 아님),제외,제외,2
3111,折りたたみ財布(L),지갑·소품,반지갑·카드지갑,15
3112,コインケース(L),지갑·소품,반지갑·카드지갑,0
3113,カードケース(L),지갑·소품,반지갑·카드지갑,18
3411,カードケース・名刺入れ(M),지갑·소품,반지갑·카드지갑,6
3419,折りたたみ財布(M),지갑·소품,반지갑·카드지갑,2
4113,パスケース(L),지갑·소품,반지갑·카드지갑,0
3169,長財布(L),지갑·소품,장지갑,3
3114,財布・小物その他(L),지갑·소품,지갑·소품 기타,0
3166,キーホルダー・キーリング(L),지갑·소품,키링·참,1
4114,キーケース(L),지갑·소품,키링·참,1
4115,バッグチャーム(L),지갑·소품,키링·참,0
