"custom_product_code","product_name_ko","keywords_candidate"
"buyma-110361277","디올 반지갑·카드지갑 Montaigne Glycine","디올;지갑·소품;반지갑·카드지갑"
"buyma-110386713","프라다 토트백","프라다;가방;토트백"
"buyma-110389554","프라다 티셔츠·탑","프라다;의류;티셔츠·탑"
"buyma-110412416","프라다 스니커즈 BROWN","프라다;신발;스니커즈"
"buyma-110452420","프라다 숄더백·크로스백","프라다;가방;숄더백·크로스백"
"buyma-110454569","마리오 발렌티노 토트백","마리오 발렌티노;가방;토트백"
"buyma-110455625","마리오 발렌티노 보스턴백 Weekend bag","마리오 발렌티노;가방;보스턴백"
"buyma-110456105","마리오 발렌티노 숄더백·크로스백","마리오 발렌티노;가방;숄더백·크로스백"
"buyma-110478651","프라다 토트백 Re-Nylon","프라다;가방;토트백"
"buyma-110479414","프라다 스니커즈 Downtown PINK","프라다;신발;스니커즈"
"buyma-110523343","로에베 반지갑·카드지갑 Anagram","로에베;지갑·소품;반지갑·카드지갑"
"buyma-110523477","로에베 캡 anagram","로에베;모자;캡"
"buyma-110523790","로에베 재킷·블루종 WORKWEAR JACKET","로에베;의류;재킷·블루종"
"buyma-110535895","자크뮈스 토트백 Le Petit","자크뮈스;가방;토트백"
"buyma-110536171","자크뮈스 후디·스웨트","자크뮈스;의류;후디·스웨트"
"buyma-110536519","자크뮈스 후디·스웨트 LOGO","자크뮈스;의류;후디·스웨트"
"buyma-110538331","자크뮈스 비니·기타","자크뮈스;모자;비니·기타"
"buyma-110538916","로에베 숄더백·크로스백","로에베;가방;숄더백·크로스백"
"buyma-110540586","로에베 스니커즈","로에베;신발;스니커즈"
"buyma-110682448","프라다 다운·패딩","프라다;의류;다운·패딩"
"buyma-110682656","프라다 플랫·로퍼","프라다;신발;플랫·로퍼"
"buyma-110682751","프라다 다운·패딩 Re-Nylon Down","프라다;의류;다운·패딩"
"buyma-110682818","프라다 니트·가디건","프라다;의류;니트·가디건"
"buyma-110682863","프라다 숄더백·크로스백 Re-Nylon","프라다;가방;숄더백·크로스백"
"buyma-110695887","프라다 신발 기타","프라다;신발;신발 기타"
"buyma-110838129","프라다 니트·가디건","프라다;의류;니트·가디건"
"buyma-110838812","프라다 다운·패딩","프라다;의류;다운·패딩"
"buyma-110844307","미우미우 숄더백·크로스백 MIUMIU","미우미우;가방;숄더백·크로스백"
"buyma-110844737","베르사체 숄더백·크로스백 BIG Medusa","베르사체;가방;숄더백·크로스백"
"buyma-110844775","미우미우 플랫·로퍼 MiuMiu","미우미우;신발;플랫·로퍼"
"buyma-110844906","미우미우 니트·가디건 MIUMIU","미우미우;의류;니트·가디건"
"buyma-110943828","프라다 샌들·슬리퍼 SANDLE","프라다;신발;샌들·슬리퍼"
"buyma-110944549","프라다 핸드백·미니백 SS","프라다;가방;핸드백·미니백"
"buyma-110944994","프라다 핸드백·미니백 Tote Mini","프라다;가방;핸드백·미니백"
"buyma-110945257","로에베 후디·스웨트","로에베;의류;후디·스웨트"
"buyma-110945672","막스마라 액세서리 기타 Teddy bear","막스마라;액세서리;액세서리 기타"
"buyma-110946848","막스마라 다운·패딩 VIP","막스마라;의류;다운·패딩"
"buyma-111395046","보테가 베네타 뷰티·라이프 AW ml","보테가 베네타;기타;뷰티·라이프"
"buyma-111919607","미우미우 샌들·슬리퍼 MiuMiu Suede","미우미우;신발;샌들·슬리퍼"
"buyma-111919910","미우미우 부츠 MiuMiu Leather","미우미우;신발;부츠"
"buyma-111920211","미우미우 부츠 MiuMiu Leather","미우미우;신발;부츠"
"buyma-111920336","미우미우 부츠 MiuMiu Leather","미우미우;신발;부츠"
"buyma-111920405","미우미우 부츠 MiuMiu Leather","미우미우;신발;부츠"
"buyma-111920553","미우미우 부츠 MiuMiu Leather","미우미우;신발;부츠"
"buyma-111920709","미우미우 부츠 MiuMiu Nylon","미우미우;신발;부츠"
"buyma-111920965","미우미우 부츠 MiuMiu Leather","미우미우;신발;부츠"
"buyma-111921108","미우미우 부츠 MiuMiu Suede","미우미우;신발;부츠"
"buyma-111921346","미우미우 부츠 MiuMiu Canvas","미우미우;신발;부츠"
"buyma-111921724","미우미우 부츠 MiuMiu Suede","미우미우;신발;부츠"
"buyma-111922096","미우미우 부츠 MiuMiu Chunky","미우미우;신발;부츠"
"buyma-111922328","미우미우 샌들·슬리퍼 MiuMiu Crochet","미우미우;신발;샌들·슬리퍼"
"buyma-111922469","미우미우 부츠 MiuMiu leather","미우미우;신발;부츠"
"buyma-111922745","미우미우 힐·펌프스 MiuMiu Patent","미우미우;신발;힐·펌프스"
"buyma-112073441","미우미우 힐·펌프스 MiuMiu Suede","미우미우;신발;힐·펌프스"
"buyma-112073553","미우미우 힐·펌프스 MiuMiu Suede","미우미우;신발;힐·펌프스"
"buyma-112073628","미우미우 플랫·로퍼 MiuMiu Suede","미우미우;신발;플랫·로퍼"
"buyma-112073723","미우미우 샌들·슬리퍼 MiuMiu Leather","미우미우;신발;샌들·슬리퍼"
"buyma-112083780","미우미우 머플러·스카프 MIUMIU MUFFLER","미우미우;액세서리;머플러·스카프"
"buyma-112083845","미우미우 머플러·스카프 MIUMIU MUFFLER","미우미우;액세서리;머플러·스카프"
"buyma-112083902","미우미우 머플러·스카프 MIUMIU MUFFLER","미우미우;액세서리;머플러·스카프"
"buyma-112083969","미우미우 머플러·스카프 MIUMIU MUFFLER","미우미우;액세서리;머플러·스카프"
"buyma-112084039","미우미우 머플러·스카프 MIUMIU MUFFLER","미우미우;액세서리;머플러·스카프"
"buyma-112084175","미우미우 토트백 MIUMIU Shearling","미우미우;가방;토트백"
"buyma-112084270","미우미우 원피스·스커트 MIUMIU Wool","미우미우;의류;원피스·스커트"
"buyma-112084342","미우미우 액세서리 기타 MIUMIU cashmere","미우미우;액세서리;액세서리 기타"
"buyma-112084456","미우미우 원피스·스커트 MIUMIU Wool","미우미우;의류;원피스·스커트"
"buyma-112093010","스톤 아일랜드 팬츠·데님","스톤 아일랜드;의류;팬츠·데님"
"buyma-112093292","미우미우 토트백 MIUMIU Adventure","미우미우;가방;토트백"
"buyma-112093558","미우미우 재킷·블루종 Suede Crop","미우미우;의류;재킷·블루종"
"buyma-112094006","미우미우 플랫·로퍼 MiuMiu Denim","미우미우;신발;플랫·로퍼"
"buyma-112192196","미우미우 부츠 MiuMiu Matelasse","미우미우;신발;부츠"
"buyma-112192455","미우미우 재킷·블루종 Fleece Mini","미우미우;의류;재킷·블루종"
"buyma-112193008","미우미우 원피스·스커트 Fleece Mini","미우미우;의류;원피스·스커트"
"buyma-112193159","미우미우 니트·가디건 Wool Sweater","미우미우;의류;니트·가디건"
"buyma-112193432","미우미우 원피스·스커트 Cotton Silk","미우미우;의류;원피스·스커트"
"buyma-112194112","미우미우 힐·펌프스 MiuMiu Canvas","미우미우;신발;힐·펌프스"
"buyma-112194653","미우미우 스니커즈 MiuMiu Logo","미우미우;신발;스니커즈"
"buyma-112194833","미우미우 다운·패딩 Nylon Cropped","미우미우;의류;다운·패딩"
"buyma-112194953","미우미우 토트백 MIUMIU Matelasse","미우미우;가방;토트백"
"buyma-112195087","미우미우 토트백 MIUMIU Matelasse","미우미우;가방;토트백"
"buyma-112195123","미우미우 토트백 MIUMIU Matelasse","미우미우;가방;토트백"
"buyma-112195202","미우미우 토트백 MIUMIU Matelasse","미우미우;가방;토트백"
"buyma-112195273","미우미우 토트백 MIUMIU Matelasse","미우미우;가방;토트백"
"buyma-112201961","미우미우 토트백 MIUMIU Matelasse","미우미우;가방;토트백"
"buyma-112202028","미우미우 토트백 MIUMIU Matelasse","미우미우;가방;토트백"
"buyma-112202096","미우미우 토트백 MIUMIU Matelasse","미우미우;가방;토트백"
"buyma-112202429","미우미우 토트백 MIUMIU Matelasse","미우미우;가방;토트백"
"buyma-112202490","미우미우 토트백 MIUMIU Matelasse","미우미우;가방;토트백"
"buyma-112202606","미우미우 토트백 MIUMIU Matelasse","미우미우;가방;토트백"
"buyma-112202648","미우미우 토트백 MIUMIU Matelasse","미우미우;가방;토트백"
"buyma-112202754","미우미우 반지갑·카드지갑 MIUMIU Leather","미우미우;지갑·소품;반지갑·카드지갑"
"buyma-112202965","미우미우 반지갑·카드지갑 MIUMIU Leather","미우미우;지갑·소품;반지갑·카드지갑"
"buyma-112203212","미우미우 장지갑 MIUMIU Matelasse","미우미우;지갑·소품;장지갑"
"buyma-112203454","미우미우 장지갑 MIUMIU Matelasse","미우미우;지갑·소품;장지갑"
"buyma-112207391","미우미우 반지갑·카드지갑 MIUMIU Matelasse","미우미우;지갑·소품;반지갑·카드지갑"
"buyma-112207513","미우미우 반지갑·카드지갑 MIUMIU Matelasse","미우미우;지갑·소품;반지갑·카드지갑"
"buyma-112207567","미우미우 반지갑·카드지갑 MIUMIU Matelasse","미우미우;지갑·소품;반지갑·카드지갑"
"buyma-112207733","미우미우 토트백 MIUMIU Matelasse","미우미우;가방;토트백"
"buyma-112207908","미우미우 토트백 MIUMIU Matelasse","미우미우;가방;토트백"
"buyma-112208084","미우미우 토트백 MIUMIU Matelasse","미우미우;가방;토트백"
"buyma-112208290","미우미우 반지갑·카드지갑 MIUMIU","미우미우;지갑·소품;반지갑·카드지갑"
"buyma-112208316","미우미우 반지갑·카드지갑 MIUMIU","미우미우;지갑·소품;반지갑·카드지갑"
"buyma-112208358","미우미우 반지갑·카드지갑 MIUMIU","미우미우;지갑·소품;반지갑·카드지갑"
"buyma-112208416","미우미우 반지갑·카드지갑 MIUMIU","미우미우;지갑·소품;반지갑·카드지갑"
"buyma-112208536","미우미우 티셔츠·탑","미우미우;의류;티셔츠·탑"
"buyma-112208660","미우미우 후디·스웨트","미우미우;의류;후디·스웨트"
"buyma-112218401","미우미우 니트·가디건 Short Wool","미우미우;의류;니트·가디건"
"buyma-112218785","미우미우 주얼리 MIUMIU Enamel","미우미우;액세서리;주얼리"
"buyma-112218895","미우미우 주얼리 MIUMIU Enamel","미우미우;액세서리;주얼리"
"buyma-112219018","미우미우 주얼리 MIUMIU Enamel","미우미우;액세서리;주얼리"
"buyma-112219164","미우미우 주얼리 MIUMIU Enamel","미우미우;액세서리;주얼리"
"buyma-112219361","미우미우 주얼리 MIUMIU Pearl","미우미우;액세서리;주얼리"
"buyma-112219602","미우미우 주얼리 MIUMIU Pearl","미우미우;액세서리;주얼리"
"buyma-112219752","미우미우 주얼리 MIUMIU Crystal","미우미우;액세서리;주얼리"
"buyma-112219839","미우미우 주얼리 MIUMIU Pearl","미우미우;액세서리;주얼리"
"buyma-112220327","미우미우 샌들·슬리퍼 MiuMiu Suede","미우미우;신발;샌들·슬리퍼"
"buyma-112220558","미우미우 머플러·스카프 MIUMIU MUFFLER","미우미우;액세서리;머플러·스카프"
"buyma-112220709","미우미우 머플러·스카프 MIUMIU MUFFLER","미우미우;액세서리;머플러·스카프"
"buyma-112220965","미우미우 머플러·스카프 MIUMIU MUFFLER","미우미우;액세서리;머플러·스카프"
"buyma-112220989","미우미우 머플러·스카프 MIUMIU MUFFLER","미우미우;액세서리;머플러·스카프"
"buyma-112221133","미우미우 원피스·스커트 Cashmere Mini","미우미우;의류;원피스·스커트"
"buyma-112221647","미우미우 숄더백·크로스백 MIUMIU Madras","미우미우;가방;숄더백·크로스백"
"buyma-112236373","미우미우 토트백 MIUMIU IVE","미우미우;가방;토트백"
"buyma-112251207","미우미우 토트백 MIUMIU IVE","미우미우;가방;토트백"
"buyma-112251295","미우미우 토트백 MIUMIU IVE","미우미우;가방;토트백"
"buyma-112251364","미우미우 토트백 MIUMIU IVE","미우미우;가방;토트백"
"buyma-112251428","미우미우 토트백 MIUMIU IVE","미우미우;가방;토트백"
"buyma-112251619","미우미우 원피스·스커트 IVE Cotton","미우미우;의류;원피스·스커트"
"buyma-112252457","미우미우 후디·스웨트","미우미우;의류;후디·스웨트"
"buyma-112252880","미우미우 니트·가디건 Knit Cashmere","미우미우;의류;니트·가디건"
"buyma-112253174","미우미우 후디·스웨트 Cotton Fleece","미우미우;의류;후디·스웨트"
"buyma-112253313","미우미우 후디·스웨트 Cotton Fleece","미우미우;의류;후디·스웨트"
"buyma-112253429","미우미우 후디·스웨트 Fleece Sweatshirt","미우미우;의류;후디·스웨트"
"buyma-112253477","미우미우 후디·스웨트 Fleece Zip-Up","미우미우;의류;후디·스웨트"
"buyma-112253593","미우미우 티셔츠·탑 Cotton Fleece","미우미우;의류;티셔츠·탑"
"buyma-112253758","미우미우 티셔츠·탑 Logo Embroidered","미우미우;의류;티셔츠·탑"
"buyma-112253842","미우미우 티셔츠·탑 Logo Cotton","미우미우;의류;티셔츠·탑"
"buyma-112254072","미우미우 스니커즈 MiuMiu Suede","미우미우;신발;스니커즈"
"buyma-112254649","미우미우 캡 MIUMIU IVE","미우미우;모자;캡"
"buyma-112256061","미우미우 캡 MIUMIU IVE","미우미우;모자;캡"
"buyma-112399333","미우미우 토트백 MIUMIU Wander","미우미우;가방;토트백"
"buyma-112419473","미우미우 티셔츠·탑 Logo cotton","미우미우;의류;티셔츠·탑"
"buyma-112507225","막스마라 다운·패딩 Black color","막스마라;의류;다운·패딩"
"buyma-112507901","막스마라 토트백 Teddy fleece","막스마라;가방;토트백"
"buyma-112509084","막스마라 재킷·블루종 Abavo vest","막스마라;의류;재킷·블루종"
"buyma-112509423","막스마라 재킷·블루종 Broise Wool","막스마라;의류;재킷·블루종"
"buyma-112509644","막스마라 니트·가디건 wool Cardigan","막스마라;의류;니트·가디건"
"buyma-112509933","막스마라 후디·스웨트 Bacco Sweatshirts","막스마라;의류;후디·스웨트"
"buyma-112510322","막스마라 다운·패딩 Dalia Puffer","막스마라;의류;다운·패딩"
"buyma-112510771","막스마라 다운·패딩 Seipa Coat","막스마라;의류;다운·패딩"
"buyma-112511071","미우미우 니트·가디건 CASHMERE SWEATER","미우미우;의류;니트·가디건"
"buyma-112511249","미우미우 니트·가디건 Cashmere Argyle","미우미우;의류;니트·가디건"
"buyma-112511510","미우미우 니트·가디건 Cashmere Argyle","미우미우;의류;니트·가디건"
"buyma-112513699","미우미우 니트·가디건 Cashmere Striped","미우미우;의류;니트·가디건"
"buyma-112516038","미우미우 스니커즈 MiuMiu FW","미우미우;신발;스니커즈"
"buyma-112516514","미우미우 스니커즈 MiuMiu FW","미우미우;신발;스니커즈"
"buyma-112654279","프라다 니트·가디건","프라다;의류;니트·가디건"
"buyma-112654421","프라다 핸드백·미니백 Bucket-Bag","프라다;가방;핸드백·미니백"
"buyma-112654572","프라다 숄더백·크로스백 Suede leather","프라다;가방;숄더백·크로스백"
"buyma-112654702","프라다 후디·스웨트 Wool cardigan","프라다;의류;후디·스웨트"
"buyma-112654801","프라다 숄더백·크로스백 Re-Edition Mini","프라다;가방;숄더백·크로스백"
"buyma-112654844","프라다 숄더백·크로스백 Re-Edition Mini","프라다;가방;숄더백·크로스백"
"buyma-112654967","프라다 부츠 Suede ankle","프라다;신발;부츠"
"buyma-112654997","프라다 숄더백·크로스백 Re-Edition small","프라다;가방;숄더백·크로스백"
"buyma-112655057","프라다 토트백 Leather Tote","프라다;가방;토트백"
"buyma-112655108","프라다 숄더백·크로스백 Re-Edition Bag","프라다;가방;숄더백·크로스백"
"buyma-112655181","프라다 후디·스웨트 Wool knit","프라다;의류;후디·스웨트"
"buyma-112655212","프라다 니트·가디건 Wool Cashmere","프라다;의류;니트·가디건"
"buyma-112655279","프라다 숄더백·크로스백 Shearling Arque","프라다;가방;숄더백·크로스백"
"buyma-112655301","프라다 숄더백·크로스백 Rylon Re-Edition","프라다;가방;숄더백·크로스백"
"buyma-112655337","프라다 셔츠·블라우스 Gabardine Crop","프라다;의류;셔츠·블라우스"
"buyma-112655359","프라다 숄더백·크로스백 Leather Shoulder","프라다;가방;숄더백·크로스백"
"buyma-112655374","프라다 숄더백·크로스백 Moon Small","프라다;가방;숄더백·크로스백"
"buyma-112655416","프라다 숄더백·크로스백 Triangle Mini","프라다;가방;숄더백·크로스백"
"buyma-112672336","프라다 숄더백·크로스백 Leather Shoulder","프라다;가방;숄더백·크로스백"
"buyma-112672415","프라다 숄더백·크로스백 Leather Shoulder","프라다;가방;숄더백·크로스백"
"buyma-112672551","프라다 토트백 Re-Nylon Tote","프라다;가방;토트백"
"buyma-112672679","프라다 토트백 Re-edition Mini","프라다;가방;토트백"
"buyma-112672760","프라다 토트백 Re-Nylon Padded","프라다;가방;토트백"
"buyma-112672862","프라다 숄더백·크로스백 City Medium","프라다;가방;숄더백·크로스백"
"buyma-112673000","프라다 팬츠·데님 Re-Nylon High-Rise","프라다;의류;팬츠·데님"
"buyma-112673119","프라다 숄더백·크로스백 Leather Bag","프라다;가방;숄더백·크로스백"
"buyma-112673401","프라다 핸드백·미니백 Y2K Re-Edition","프라다;가방;핸드백·미니백"
"buyma-112673567","프라다 숄더백·크로스백 Leather Shoulder","프라다;가방;숄더백·크로스백"
"buyma-112673733","프라다 숄더백·크로스백 Re-Nylon Tote","프라다;가방;숄더백·크로스백"
"buyma-112673967","프라다 숄더백·크로스백 Leather mini","프라다;가방;숄더백·크로스백"
"buyma-112707304","프라다 재킷·블루종 Re-nylon jacket","프라다;의류;재킷·블루종"
"buyma-112707416","프라다 다운·패딩 Quilted jacket","프라다;의류;다운·패딩"
"buyma-112707608","미우미우 니트·가디건 virgin wool","미우미우;의류;니트·가디건"
"buyma-112707758","미우미우 다운·패딩 Down jacket","미우미우;의류;다운·패딩"
"buyma-112708133","미우미우 숄더백·크로스백 MIUMIU leather","미우미우;가방;숄더백·크로스백"
"buyma-112708647","프라다 토트백 lamb leather","프라다;가방;토트백"
"buyma-112774962","프라다 토트백 Leater Tote","프라다;가방;토트백"
"buyma-112775138","프라다 숄더백·크로스백 Leater bag","프라다;가방;숄더백·크로스백"
"buyma-112775198","프라다 숄더백·크로스백 Leater bag","프라다;가방;숄더백·크로스백"
"buyma-112775424","프라다 숄더백·크로스백 Leater bag","프라다;가방;숄더백·크로스백"
"buyma-112775473","프라다 숄더백·크로스백 Leater bag","프라다;가방;숄더백·크로스백"
"buyma-112775623","프라다 숄더백·크로스백 Re-Nylon shoulder","프라다;가방;숄더백·크로스백"
"buyma-112776339","프라다 숄더백·크로스백 Saffiano backpack.","프라다;가방;숄더백·크로스백"
"buyma-112776388","프라다 숄더백·크로스백 Saffiano backpack.","프라다;가방;숄더백·크로스백"
"buyma-112776498","프라다 토트백 Saffiano leather","프라다;가방;토트백"
"buyma-112776562","프라다 토트백 Saffiano leather","프라다;가방;토트백"
"buyma-112776636","프라다 토트백 Saffiano leather","프라다;가방;토트백"
"buyma-112776667","프라다 토트백 Saffiano leather","프라다;가방;토트백"
"buyma-112776768","프라다 토트백 Saffiano leather","프라다;가방;토트백"
"buyma-112776808","프라다 토트백 Saffiano leather","프라다;가방;토트백"
"buyma-112776845","프라다 토트백 Saffiano leather","프라다;가방;토트백"
"buyma-112776874","프라다 토트백 Saffiano leather","프라다;가방;토트백"
"buyma-112777013","프라다 토트백 Brique Re-Nylon","프라다;가방;토트백"
"buyma-112777078","프라다 토트백 Brique Re-Nylon","프라다;가방;토트백"
"buyma-112790967","자크뮈스 다운·패딩 oversized shell","자크뮈스;의류;다운·패딩"
"buyma-112791310","자크뮈스 다운·패딩 quilted shell","자크뮈스;의류;다운·패딩"
"buyma-112791501","자크뮈스 다운·패딩 Quilted Shell","자크뮈스;의류;다운·패딩"
"buyma-112792090","자크뮈스 다운·패딩 Quilted Shell","자크뮈스;의류;다운·패딩"
"buyma-112792287","자크뮈스 다운·패딩 Crop Jacket","자크뮈스;의류;다운·패딩"
"buyma-112792664","프라다 니트·가디건 Cardigan","프라다;의류;니트·가디건"
"buyma-112792820","프라다 니트·가디건 Cardigan","프라다;의류;니트·가디건"
"buyma-112793249","프라다 니트·가디건 Cardigan","프라다;의류;니트·가디건"
"buyma-112793515","프라다 숄더백·크로스백 Aimee bag","프라다;가방;숄더백·크로스백"
"buyma-112793839","프라다 가방 기타 CorduroyBag Charm","프라다;가방;가방 기타"
"buyma-112977750","마리오 발렌티노 숄더백·크로스백","마리오 발렌티노;가방;숄더백·크로스백"
"buyma-112977866","마리오 발렌티노 숄더백·크로스백","마리오 발렌티노;가방;숄더백·크로스백"
"buyma-112977917","마리오 발렌티노 숄더백·크로스백","마리오 발렌티노;가방;숄더백·크로스백"
"buyma-112977969","마리오 발렌티노 숄더백·크로스백","마리오 발렌티노;가방;숄더백·크로스백"
"buyma-112978090","마리오 발렌티노 숄더백·크로스백","마리오 발렌티노;가방;숄더백·크로스백"
"buyma-112978156","마리오 발렌티노 숄더백·크로스백","마리오 발렌티노;가방;숄더백·크로스백"
"buyma-112978257","마리오 발렌티노 숄더백·크로스백","마리오 발렌티노;가방;숄더백·크로스백"
"buyma-112978530","마리오 발렌티노 숄더백·크로스백 Alexia Bag","마리오 발렌티노;가방;숄더백·크로스백"
"buyma-112978582","마리오 발렌티노 숄더백·크로스백 Alexia Bag","마리오 발렌티노;가방;숄더백·크로스백"
"buyma-112978682","마리오 발렌티노 숄더백·크로스백 Relax Bag","마리오 발렌티노;가방;숄더백·크로스백"
"buyma-112978926","마리오 발렌티노 숄더백·크로스백 Pacha Bag","마리오 발렌티노;가방;숄더백·크로스백"
"buyma-112979139","마리오 발렌티노 핸드백·미니백 Pacha Bag","마리오 발렌티노;가방;핸드백·미니백"
"buyma-112979465","마리오 발렌티노 숄더백·크로스백 Mansion Bag","마리오 발렌티노;가방;숄더백·크로스백"
"buyma-112979555","마리오 발렌티노 숄더백·크로스백 Privilege","마리오 발렌티노;가방;숄더백·크로스백"
"buyma-112979605","마리오 발렌티노 숄더백·크로스백 Privilege","마리오 발렌티노;가방;숄더백·크로스백"
"buyma-112979688","마리오 발렌티노 숄더백·크로스백 Neasy","마리오 발렌티노;가방;숄더백·크로스백"
"buyma-112979762","마리오 발렌티노 숄더백·크로스백 Neasy","마리오 발렌티노;가방;숄더백·크로스백"
"buyma-112980016","마리오 발렌티노 숄더백·크로스백 Frequency","마리오 발렌티노;가방;숄더백·크로스백"
"buyma-112980092","마리오 발렌티노 숄더백·크로스백 Frequency","마리오 발렌티노;가방;숄더백·크로스백"
"buyma-112980266","마리오 발렌티노 숄더백·크로스백 Neasy","마리오 발렌티노;가방;숄더백·크로스백"
"buyma-112981225","마리오 발렌티노 숄더백·크로스백 Type","마리오 발렌티노;가방;숄더백·크로스백"
"buyma-112981251","마리오 발렌티노 숄더백·크로스백 Type","마리오 발렌티노;가방;숄더백·크로스백"
"buyma-112981288","마리오 발렌티노 숄더백·크로스백 Type","마리오 발렌티노;가방;숄더백·크로스백"
"buyma-112981381","마리오 발렌티노 숄더백·크로스백 Wall","마리오 발렌티노;가방;숄더백·크로스백"
"buyma-113042733","프라다 숄더백·크로스백","프라다;가방;숄더백·크로스백"
"buyma-113042797","프라다 숄더백·크로스백","프라다;가방;숄더백·크로스백"
"buyma-113042902","프라다 숄더백·크로스백","프라다;가방;숄더백·크로스백"
"buyma-113042969","프라다 숄더백·크로스백","프라다;가방;숄더백·크로스백"
"buyma-113043054","프라다 숄더백·크로스백","프라다;가방;숄더백·크로스백"
"buyma-113043183","프라다 핸드백·미니백","프라다;가방;핸드백·미니백"
"buyma-113043336","프라다 숄더백·크로스백","프라다;가방;숄더백·크로스백"
"buyma-113043534","프라다 토트백 Tote bag","프라다;가방;토트백"
"buyma-113043619","프라다 후디·스웨트 Wool knit","프라다;의류;후디·스웨트"
"buyma-113102430","구찌 숄더백·크로스백 Adidas Mini","구찌;가방;숄더백·크로스백"
"buyma-113102691","구찌 숄더백·크로스백 Adidas Horsebit","구찌;가방;숄더백·크로스백"
"buyma-113103277","구찌 숄더백·크로스백 Adidas","구찌;가방;숄더백·크로스백"
"buyma-113103445","구찌 숄더백·크로스백 Adidas Ophidia","구찌;가방;숄더백·크로스백"
"buyma-113229892","미우미우 후디·스웨트","미우미우;의류;후디·스웨트"
"buyma-113510211","셀린느 숄더백·크로스백 Medium Ava","셀린느;가방;숄더백·크로스백"
"buyma-113510590","셀린느 숄더백·크로스백 AVA","셀린느;가방;숄더백·크로스백"
"buyma-113543118","프라다 핸드백·미니백 Padded Napa","프라다;가방;핸드백·미니백"
"buyma-113543807","프라다 숄더백·크로스백 Re-edition Velvet","프라다;가방;숄더백·크로스백"
"buyma-113549301","프라다 액세서리 기타 iPhone Case","프라다;액세서리;액세서리 기타"
"buyma-113549479","프라다 액세서리 기타 AirPods","프라다;액세서리;액세서리 기타"
"buyma-113549643","프라다 액세서리 기타 Nylon Leather","프라다;액세서리;액세서리 기타"
"buyma-113549712","프라다 액세서리 기타 Men's GUANTI","프라다;액세서리;액세서리 기타"
"buyma-113549805","프라다 머플러·스카프 Men's muffler","프라다;액세서리;머플러·스카프"
"buyma-113549921","프라다 액세서리 기타 Women's GUANTI","프라다;액세서리;액세서리 기타"
"buyma-113550023","프라다 액세서리 기타 Women's GUANTI","프라다;액세서리;액세서리 기타"
"buyma-113550076","프라다 액세서리 기타 Men's GUANTI","프라다;액세서리;액세서리 기타"
"buyma-113550277","프라다 샌들·슬리퍼 Shearling Slippers","프라다;신발;샌들·슬리퍼"
"buyma-113550368","프라다 머플러·스카프 Women's muffler","프라다;액세서리;머플러·스카프"
"buyma-113550447","프라다 머플러·스카프 Men's muffler","프라다;액세서리;머플러·스카프"
"buyma-113550725","프라다 숄더백·크로스백 Monochrome Leather","프라다;가방;숄더백·크로스백"
"buyma-113550895","프라다 핸드백·미니백 Triangle Patent","프라다;가방;핸드백·미니백"
"buyma-113551133","프라다 숄더백·크로스백 Re-Nylon Saffiano","프라다;가방;숄더백·크로스백"
"buyma-113551349","프라다 숄더백·크로스백 Monochrome Logo","프라다;가방;숄더백·크로스백"
"buyma-113551551","프라다 숄더백·크로스백 Shearling Shoulder","프라다;가방;숄더백·크로스백"
"buyma-113552331","프라다 숄더백·크로스백 Re-Nylon bag","프라다;가방;숄더백·크로스백"
"buyma-113552494","프라다 숄더백·크로스백 Shearling Shoulder","프라다;가방;숄더백·크로스백"
"buyma-113552804","프라다 숄더백·크로스백 Padded Nappa","프라다;가방;숄더백·크로스백"
"buyma-113553678","미우미우 숄더백·크로스백 MIUMIU Woven","미우미우;가방;숄더백·크로스백"
"buyma-113553713","미우미우 숄더백·크로스백 MIUMIU Woven","미우미우;가방;숄더백·크로스백"
"buyma-113555600","미우미우 반지갑·카드지갑 MIUMIU Matelasse","미우미우;지갑·소품;반지갑·카드지갑"
"buyma-113555884","미우미우 토트백 MIUMIU Wander","미우미우;가방;토트백"
"buyma-113563597","셀린느 숄더백·크로스백 Stripe Textile","셀린느;가방;숄더백·크로스백"
"buyma-113634134","구찌 숄더백·크로스백 GG Marmont","구찌;가방;숄더백·크로스백"
"buyma-113634230","구찌 핸드백·미니백 FW GG","구찌;가방;핸드백·미니백"
"buyma-113634430","프라다 니트·가디건 Sweater Cashmere","프라다;의류;니트·가디건"
"buyma-113634578","프라다 다운·패딩 Down Jacket","프라다;의류;다운·패딩"
"buyma-113634894","프라다 셔츠·블라우스 SS White","프라다;의류;셔츠·블라우스"
"buyma-113635376","프라다 다운·패딩 Nylon Logo","프라다;의류;다운·패딩"
"buyma-113635695","프라다 다운·패딩 fw Re-Nylon","프라다;의류;다운·패딩"
"buyma-113654336","프라다 핸드백·미니백 Tote Mini","프라다;가방;핸드백·미니백"
"buyma-113654441","프라다 핸드백·미니백 SS","프라다;가방;핸드백·미니백"
"buyma-113668743","미우미우 핸드백·미니백 MIUMIU Logo","미우미우;가방;핸드백·미니백"
"buyma-113668843","미우미우 숄더백·크로스백 MIUMIU Woven","미우미우;가방;숄더백·크로스백"
"buyma-113669015","미우미우 숄더백·크로스백 MIUMIU","미우미우;가방;숄더백·크로스백"
"buyma-113669183","미우미우 숄더백·크로스백 MIUMIU Matelasse","미우미우;가방;숄더백·크로스백"
"buyma-113669482","미우미우 숄더백·크로스백 MIUMIU Matelasse","미우미우;가방;숄더백·크로스백"
"buyma-113670077","미우미우 숄더백·크로스백 MIUMIU Matelasse","미우미우;가방;숄더백·크로스백"
"buyma-113670449","미우미우 토트백 MIUMIU FW","미우미우;가방;토트백"
"buyma-113670669","미우미우 토트백 MIUMIU IVE","미우미우;가방;토트백"
"buyma-113670833","미우미우 토트백 MIUMIU IVE","미우미우;가방;토트백"
"buyma-113719531","미우미우 머플러·스카프 MIUMIU MUFFLER","미우미우;액세서리;머플러·스카프"
"buyma-113721026","아미 파리스 다운·패딩 PUMA Puffer","아미 파리스;의류;다운·패딩"
"buyma-113721076","아미 파리스 다운·패딩 PUMA Puffer","아미 파리스;의류;다운·패딩"
"buyma-113721186","아미 파리스 다운·패딩 PUMA Puffer","아미 파리스;의류;다운·패딩"
"buyma-113728625","프라다 다운·패딩 Logo Wool-Cashmere","프라다;의류;다운·패딩"
"buyma-113728887","프라다 토트백 Gaufre Tote","프라다;가방;토트백"
"buyma-113729452","자크뮈스 니트·가디건 Knit Sweater","자크뮈스;의류;니트·가디건"
"buyma-113735732","프라다 클러치·파우치 Pouch Wallet","프라다;가방;클러치·파우치"
"buyma-113768923","프라다 반지갑·카드지갑","프라다;지갑·소품;반지갑·카드지갑"
"buyma-113769123","프라다 반지갑·카드지갑 White color","프라다;지갑·소품;반지갑·카드지갑"
"buyma-113769263","프라다 반지갑·카드지갑 Black color","프라다;지갑·소품;반지갑·카드지갑"
"buyma-113770585","프라다 반지갑·카드지갑","프라다;지갑·소품;반지갑·카드지갑"
"buyma-113770671","프라다 반지갑·카드지갑","프라다;지갑·소품;반지갑·카드지갑"
"buyma-113770894","프라다 반지갑·카드지갑","프라다;지갑·소품;반지갑·카드지갑"
"buyma-113771062","프라다 반지갑·카드지갑 SS","프라다;지갑·소품;반지갑·카드지갑"
"buyma-113772322","프라다 반지갑·카드지갑","프라다;지갑·소품;반지갑·카드지갑"
"buyma-113861324","미우미우 액세서리 기타 MIUMIU cashmere","미우미우;액세서리;액세서리 기타"
"buyma-113861576","미우미우 액세서리 기타 MIUMIU","미우미우;액세서리;액세서리 기타"
"buyma-113861728","미우미우 액세서리 기타 MIUMIU cashmere","미우미우;액세서리;액세서리 기타"
"buyma-113861977","미우미우 액세서리 기타 MIUMIU","미우미우;액세서리;액세서리 기타"
"buyma-113862166","미우미우 다운·패딩 IVE","미우미우;의류;다운·패딩"
"buyma-113862291","미우미우 액세서리 기타 MIUMIU","미우미우;액세서리;액세서리 기타"
"buyma-113862395","미우미우 액세서리 기타 MIUMIU cashmere","미우미우;액세서리;액세서리 기타"
"buyma-113862555","미우미우 머플러·스카프 MIUMIU MUFFLER","미우미우;액세서리;머플러·스카프"
"buyma-113862763","미우미우 액세서리 기타 MIUMIU","미우미우;액세서리;액세서리 기타"
"buyma-113862957","미우미우 비니·기타 MIUMIU cashmere","미우미우;모자;비니·기타"
"buyma-113862989","미우미우 비니·기타 MIUMIU cashmere","미우미우;모자;비니·기타"
"buyma-113863291","미우미우 다운·패딩","미우미우;의류;다운·패딩"
"buyma-113889943","프라다 핸드백·미니백 TERRYCLOTH POUCH","프라다;가방;핸드백·미니백"
"buyma-113890508","프라다 핸드백·미니백 Saffiano Smooth","프라다;가방;핸드백·미니백"
"buyma-113890751","프라다 토트백","프라다;가방;토트백"
"buyma-113891154","프라다 핸드백·미니백 Re-Edition","프라다;가방;핸드백·미니백"
"buyma-113891324","프라다 토트백 Galleria Shearling","프라다;가방;토트백"
"buyma-113964959","아미 파리스 재킷·블루종 PUMA Hoodie","아미 파리스;의류;재킷·블루종"
"buyma-113964995","아미 파리스 재킷·블루종 PUMA Hoodie","아미 파리스;의류;재킷·블루종"
"buyma-113965062","아미 파리스 재킷·블루종 PUMA Sherpa","아미 파리스;의류;재킷·블루종"
"buyma-114246512","미우미우 비니·기타 MIUMIU cashmere","미우미우;모자;비니·기타"
"buyma-114560113","아미 파리스 보스턴백 PUMA","아미 파리스;가방;보스턴백"
"buyma-114560287","아미 파리스 숄더백·크로스백 PUMA","아미 파리스;가방;숄더백·크로스백"
"buyma-114606147","아미 파리스 백팩 PUMA","아미 파리스;가방;백팩"
"buyma-114606332","아미 파리스 다운·패딩 PUMA Puffer","아미 파리스;의류;다운·패딩"
"buyma-114606346","아미 파리스 다운·패딩 PUMA Puffer","아미 파리스;의류;다운·패딩"
"buyma-114606619","아미 파리스 니트·가디건","아미 파리스;의류;니트·가디건"
"buyma-114932789","막스마라 후디·스웨트 FW SAPORE","막스마라;의류;후디·스웨트"
"buyma-114932995","막스마라 후디·스웨트","막스마라;의류;후디·스웨트"
"buyma-114933150","막스마라 후디·스웨트","막스마라;의류;후디·스웨트"
"buyma-114933291","막스마라 후디·스웨트","막스마라;의류;후디·스웨트"
"buyma-114933519","막스마라 후디·스웨트 FW","막스마라;의류;후디·스웨트"
"buyma-114933861","막스마라 후디·스웨트 DANDY","막스마라;의류;후디·스웨트"
"buyma-114933962","막스마라 후디·스웨트 FW SAPORE","막스마라;의류;후디·스웨트"
"buyma-114934222","막스마라 후디·스웨트 ADITO","막스마라;의류;후디·스웨트"
"buyma-114934437","막스마라 후디·스웨트","막스마라;의류;후디·스웨트"
"buyma-114934516","막스마라 후디·스웨트 INNOCUO","막스마라;의류;후디·스웨트"
"buyma-114934588","막스마라 후디·스웨트 INNOCUO","막스마라;의류;후디·스웨트"
"buyma-114934742","막스마라 후디·스웨트 SS","막스마라;의류;후디·스웨트"
"buyma-114934823","막스마라 후디·스웨트 SS","막스마라;의류;후디·스웨트"
"buyma-114934930","막스마라 후디·스웨트","막스마라;의류;후디·스웨트"
"buyma-114934975","막스마라 후디·스웨트","막스마라;의류;후디·스웨트"
"buyma-114935023","막스마라 후디·스웨트","막스마라;의류;후디·스웨트"
"buyma-114935151","막스마라 후디·스웨트","막스마라;의류;후디·스웨트"
"buyma-114935194","막스마라 후디·스웨트","막스마라;의류;후디·스웨트"
"buyma-114935258","막스마라 후디·스웨트","막스마라;의류;후디·스웨트"
"buyma-114935340","막스마라 후디·스웨트","막스마라;의류;후디·스웨트"
"buyma-114935410","막스마라 후디·스웨트 hoodie zip","막스마라;의류;후디·스웨트"
"buyma-114935479","막스마라 후디·스웨트 FW SAPORE","막스마라;의류;후디·스웨트"
"buyma-114935577","막스마라 후디·스웨트 fw24","막스마라;의류;후디·스웨트"
"buyma-114935605","막스마라 후디·스웨트 fw24","막스마라;의류;후디·스웨트"
"buyma-114935762","막스마라 후디·스웨트","막스마라;의류;후디·스웨트"
"buyma-114976799","미우미우 후디·스웨트","미우미우;의류;후디·스웨트"
"buyma-115055313","아미 파리스 후디·스웨트 SS","아미 파리스;의류;후디·스웨트"
"buyma-115055433","아미 파리스 후디·스웨트 SS","아미 파리스;의류;후디·스웨트"
"buyma-115055562","아미 파리스 후디·스웨트 SS","아미 파리스;의류;후디·스웨트"
"buyma-115055664","아미 파리스 티셔츠·탑 SS","아미 파리스;의류;티셔츠·탑"
"buyma-115055863","아미 파리스 후디·스웨트","아미 파리스;의류;후디·스웨트"
"buyma-115101789","아미 파리스 후디·스웨트","아미 파리스;의류;후디·스웨트"
"buyma-115101837","아미 파리스 후디·스웨트","아미 파리스;의류;후디·스웨트"
"buyma-115101933","아미 파리스 후디·스웨트","아미 파리스;의류;후디·스웨트"
"buyma-115102008","아미 파리스 후디·스웨트 Lilac color","아미 파리스;의류;후디·스웨트"
"buyma-115102079","아미 파리스 후디·스웨트","아미 파리스;의류;후디·스웨트"
"buyma-115102086","아미 파리스 후디·스웨트","아미 파리스;의류;후디·스웨트"
"buyma-115103430","아미 파리스 후디·스웨트 GREY COLOR","아미 파리스;의류;후디·스웨트"
"buyma-115103486","아미 파리스 니트·가디건 GREY COLOR","아미 파리스;의류;니트·가디건"
"buyma-115103579","아미 파리스 후디·스웨트 GREEN COLOR","아미 파리스;의류;후디·스웨트"
"buyma-115103610","아미 파리스 니트·가디건 GREEN COLOR","아미 파리스;의류;니트·가디건"
"buyma-115227046","미우미우 토트백 MIUMIU SS","미우미우;가방;토트백"
"buyma-115227222","미우미우 숄더백·크로스백 MIUMIU","미우미우;가방;숄더백·크로스백"
"buyma-115227858","미우미우 숄더백·크로스백 MIUMIU Matelasse","미우미우;가방;숄더백·크로스백"
"buyma-115227903","미우미우 숄더백·크로스백 MIUMIU Matelasse","미우미우;가방;숄더백·크로스백"
"buyma-115227984","미우미우 숄더백·크로스백 MIUMIU","미우미우;가방;숄더백·크로스백"
"buyma-115228050","미우미우 핸드백·미니백 MIUMIU","미우미우;가방;핸드백·미니백"
"buyma-115228090","미우미우 숄더백·크로스백 MIUMIU Matelasse","미우미우;가방;숄더백·크로스백"
"buyma-115228186","미우미우 숄더백·크로스백 MIUMIU","미우미우;가방;숄더백·크로스백"
"buyma-115228340","미우미우 장지갑 MIUMIU","미우미우;지갑·소품;장지갑"
"buyma-115243597","미우미우 숄더백·크로스백 MIUMIU Matelasse","미우미우;가방;숄더백·크로스백"
"buyma-115244052","미우미우 숄더백·크로스백 MIUMIU Matelasse","미우미우;가방;숄더백·크로스백"
"buyma-115244332","미우미우 클러치·파우치 MIUMIU Matelasse","미우미우;가방;클러치·파우치"
"buyma-115245436","미우미우 비니·기타 MIUMIU","미우미우;모자;비니·기타"
"buyma-115245715","미우미우 숄더백·크로스백 MIUMIU Matelasse","미우미우;가방;숄더백·크로스백"
"buyma-115246247","미우미우 버킷햇·햇 MIUMIU","미우미우;모자;버킷햇·햇"
"buyma-115246453","미우미우 티셔츠·탑 MIUMIU","미우미우;의류;티셔츠·탑"
"buyma-115257517","프라다 백팩 SKYBLUE","프라다;가방;백팩"
"buyma-115258624","미우미우 니트·가디건 MIUMIU","미우미우;의류;니트·가디건"
"buyma-115270913","미우미우 니트·가디건 MIUMIU","미우미우;의류;니트·가디건"
"buyma-115271077","미우미우 니트·가디건 MIUMIU","미우미우;의류;니트·가디건"
"buyma-115271211","미우미우 니트·가디건 MIUMIU","미우미우;의류;니트·가디건"
"buyma-115271460","미우미우 니트·가디건 MIUMIU","미우미우;의류;니트·가디건"
"buyma-115271791","미우미우 니트·가디건 MIUMIU","미우미우;의류;니트·가디건"
"buyma-115271968","미우미우 니트·가디건 MIUMIU","미우미우;의류;니트·가디건"
"buyma-115272240","미우미우 티셔츠·탑 MIUMIU","미우미우;의류;티셔츠·탑"
"buyma-115272458","미우미우 티셔츠·탑 MIUMIU","미우미우;의류;티셔츠·탑"
"buyma-115272655","미우미우 니트·가디건 Cashmere Argyle","미우미우;의류;니트·가디건"
"buyma-115275552","프라다 니트·가디건","프라다;의류;니트·가디건"
"buyma-115275801","프라다 니트·가디건","프라다;의류;니트·가디건"
"buyma-115276003","프라다 니트·가디건 SS","프라다;의류;니트·가디건"
"buyma-115276098","프라다 니트·가디건 SS","프라다;의류;니트·가디건"
"buyma-115944938","아미 파리스 숄더백·크로스백","아미 파리스;가방;숄더백·크로스백"
"buyma-115945213","아미 파리스 후디·스웨트 PUMA Half","아미 파리스;의류;후디·스웨트"
"buyma-115945279","아미 파리스 후디·스웨트 PUMA Half","아미 파리스;의류;후디·스웨트"
"buyma-116067011","프라다 핸드백·미니백 Karina","프라다;가방;핸드백·미니백"
"buyma-116139052","미우미우 토트백 MIUMIU Matelasse","미우미우;가방;토트백"
"buyma-116139343","미우미우 숄더백·크로스백 MIUMIU Matelasse","미우미우;가방;숄더백·크로스백"
"buyma-116139570","미우미우 토트백 MIUMIU","미우미우;가방;토트백"
"buyma-116139601","미우미우 핸드백·미니백 MIUMIU","미우미우;가방;핸드백·미니백"
"buyma-116139761","미우미우 반지갑·카드지갑 MIUMIU","미우미우;지갑·소품;반지갑·카드지갑"
"buyma-116139793","미우미우 반지갑·카드지갑 MIUMIU","미우미우;지갑·소품;반지갑·카드지갑"
"buyma-116222644","미우미우 스니커즈 MiuMiu","미우미우;신발;스니커즈"
"buyma-116222665","미우미우 플랫·로퍼 MiuMiu","미우미우;신발;플랫·로퍼"
"buyma-116222745","코치 숄더백·크로스백","코치;가방;숄더백·크로스백"
"buyma-116222761","코치 토트백","코치;가방;토트백"
"buyma-116222766","코치 핸드백·미니백","코치;가방;핸드백·미니백"
"buyma-116351266","아미 파리스 재킷·블루종 PUMAxAMI","아미 파리스;의류;재킷·블루종"
"buyma-116515230","아미 파리스 니트·가디건","아미 파리스;의류;니트·가디건"
"buyma-116529379","아미 파리스 니트·가디건 FW24","아미 파리스;의류;니트·가디건"
"buyma-116529529","아미 파리스 니트·가디건 FW24","아미 파리스;의류;니트·가디건"
"buyma-116650746","프라다 숄더백·크로스백","프라다;가방;숄더백·크로스백"
"buyma-116650788","프라다 토트백","프라다;가방;토트백"
"buyma-116682079","막스마라 후디·스웨트","막스마라;의류;후디·스웨트"
"buyma-116682263","막스마라 코트","막스마라;의류;코트"
"buyma-116682908","막스마라 재킷·블루종","막스마라;의류;재킷·블루종"
"buyma-116683124","막스마라 니트·가디건","막스마라;의류;니트·가디건"
"buyma-116683250","막스마라 니트·가디건","막스마라;의류;니트·가디건"
"buyma-116684556","막스마라 티셔츠·탑 SS QUIETO","막스마라;의류;티셔츠·탑"
"buyma-116684882","막스마라 셔츠·블라우스 SS QUIETO","막스마라;의류;셔츠·블라우스"
"buyma-116685217","막스마라 후디·스웨트 SS","막스마라;의류;후디·스웨트"
"buyma-116685934","막스마라 셔츠·블라우스 SS Pio","막스마라;의류;셔츠·블라우스"
"buyma-116686026","막스마라 티셔츠·탑 SS Pio","막스마라;의류;티셔츠·탑"
"buyma-116686887","막스마라 토트백 Palau bag","막스마라;가방;토트백"
"buyma-116686989","막스마라 숄더백·크로스백 Palau bag","막스마라;가방;숄더백·크로스백"
"buyma-116691145","막스마라 숄더백·크로스백 ELSA","막스마라;가방;숄더백·크로스백"
"buyma-116691450","막스마라 핸드백·미니백 ELSA PINK","막스마라;가방;핸드백·미니백"
"buyma-116691972","막스마라 숄더백·크로스백 ELSA CARMEL","막스마라;가방;숄더백·크로스백"
"buyma-116692914","막스마라 숄더백·크로스백","막스마라;가방;숄더백·크로스백"
"buyma-116693024","막스마라 토트백","막스마라;가방;토트백"
"buyma-116693688","막스마라 숄더백·크로스백 MARINESTRAWXXS WAY","막스마라;가방;숄더백·크로스백"
"buyma-116693767","막스마라 핸드백·미니백 MARINESTRAWXXS WAY","막스마라;가방;핸드백·미니백"
"buyma-116694957","막스마라 티셔츠·탑 Elmo","막스마라;의류;티셔츠·탑"
"buyma-116695152","막스마라 티셔츠·탑 Elmo","막스마라;의류;티셔츠·탑"
"buyma-116695862","막스마라 티셔츠·탑 Quieto","막스마라;의류;티셔츠·탑"
"buyma-116695926","막스마라 티셔츠·탑 Quieto","막스마라;의류;티셔츠·탑"
"buyma-116696288","막스마라 티셔츠·탑 SS Nancy","막스마라;의류;티셔츠·탑"
"buyma-116696416","막스마라 티셔츠·탑 SS Nancy","막스마라;의류;티셔츠·탑"
"buyma-116698449","자크뮈스 비니·기타","자크뮈스;모자;비니·기타"
"buyma-116698590","자크뮈스 버킷햇·햇","자크뮈스;모자;버킷햇·햇"
"buyma-116698675","자크뮈스 비니·기타","자크뮈스;모자;비니·기타"
"buyma-116698760","자크뮈스 버킷햇·햇","자크뮈스;모자;버킷햇·햇"
"buyma-116698974","자크뮈스 비니·기타","자크뮈스;모자;비니·기타"
"buyma-116725869","자크뮈스 후디·스웨트","자크뮈스;의류;후디·스웨트"
"buyma-116725994","자크뮈스 후디·스웨트","자크뮈스;의류;후디·스웨트"
"buyma-116742922","미우미우 토트백 MIUMIU","미우미우;가방;토트백"
"buyma-116743083","프라다 플랫·로퍼","프라다;신발;플랫·로퍼"
"buyma-116743382","프라다 플랫·로퍼","프라다;신발;플랫·로퍼"
"buyma-116743566","프라다 힐·펌프스","프라다;신발;힐·펌프스"
"buyma-116744179","프라다 플랫·로퍼 VERNICE","프라다;신발;플랫·로퍼"
"buyma-116744328","프라다 샌들·슬리퍼 VERNICE","프라다;신발;샌들·슬리퍼"
"buyma-116744336","프라다 샌들·슬리퍼 VERNICE","프라다;신발;샌들·슬리퍼"
"buyma-116744501","프라다 샌들·슬리퍼 D652M ULS","프라다;신발;샌들·슬리퍼"
"buyma-116744564","프라다 플랫·로퍼 D652M ULS","프라다;신발;플랫·로퍼"
"buyma-116744908","프라다 샌들·슬리퍼","프라다;신발;샌들·슬리퍼"
"buyma-116769769","프라다 티셔츠·탑 PK","프라다;의류;티셔츠·탑"
"buyma-116769783","프라다 후디·스웨트 PK","프라다;의류;후디·스웨트"
"buyma-116769790","프라다 후디·스웨트","프라다;의류;후디·스웨트"
"buyma-116769813","프라다 티셔츠·탑 PK","프라다;의류;티셔츠·탑"
"buyma-116769837","프라다 티셔츠·탑 PK","프라다;의류;티셔츠·탑"
"buyma-116769950","프라다 티셔츠·탑 Re-Nylon","프라다;의류;티셔츠·탑"
"buyma-116769968","프라다 재킷·블루종 Re-Nylon","프라다;의류;재킷·블루종"
"buyma-116770025","프라다 재킷·블루종 Re Nyron","프라다;의류;재킷·블루종"
"buyma-116770039","프라다 재킷·블루종 Re Nyron","프라다;의류;재킷·블루종"
"buyma-116796036","아미 파리스 니트·가디건 de Coeur","아미 파리스;의류;니트·가디건"
"buyma-116804160","토즈 핸드백·미니백","토즈;가방;핸드백·미니백"
"buyma-116804263","토즈 토트백","토즈;가방;토트백"
"buyma-116804355","토즈 토트백","토즈;가방;토트백"
"buyma-116804477","토즈 핸드백·미니백","토즈;가방;핸드백·미니백"
"buyma-116804559","토즈 백팩","토즈;가방;백팩"
"buyma-116804581","토즈 토트백","토즈;가방;토트백"
"buyma-116804669","토즈 핸드백·미니백","토즈;가방;핸드백·미니백"
"buyma-116837201","프라다 힐·펌프스","프라다;신발;힐·펌프스"
"buyma-116837279","프라다 샌들·슬리퍼","프라다;신발;샌들·슬리퍼"
"buyma-116837368","프라다 샌들·슬리퍼","프라다;신발;샌들·슬리퍼"
"buyma-116837444","프라다 힐·펌프스","프라다;신발;힐·펌프스"
"buyma-116837696","프라다 샌들·슬리퍼 Alexander Wang","프라다;신발;샌들·슬리퍼"
"buyma-117046654","미우미우 샌들·슬리퍼 MiuMiu white","미우미우;신발;샌들·슬리퍼"
"buyma-117046783","미우미우 샌들·슬리퍼 MiuMiu BLACK","미우미우;신발;샌들·슬리퍼"
"buyma-117049019","미우미우 샌들·슬리퍼 MiuMiu","미우미우;신발;샌들·슬리퍼"
"buyma-117070807","셀린느 티셔츠·탑","셀린느;의류;티셔츠·탑"
"buyma-117070909","셀린느 캡","셀린느;모자;캡"
"buyma-117070975","셀린느 티셔츠·탑","셀린느;의류;티셔츠·탑"
"buyma-117071055","셀린느 티셔츠·탑","셀린느;의류;티셔츠·탑"
"buyma-117071113","셀린느 티셔츠·탑","셀린느;의류;티셔츠·탑"
"buyma-117071205","셀린느 샌들·슬리퍼","셀린느;신발;샌들·슬리퍼"
"buyma-117071342","셀린느 티셔츠·탑","셀린느;의류;티셔츠·탑"
"buyma-117071367","셀린느 티셔츠·탑","셀린느;의류;티셔츠·탑"
"buyma-117071573","셀린느 토트백","셀린느;가방;토트백"
"buyma-117221803","셀린느 토트백 SS","셀린느;가방;토트백"
"buyma-117222257","셀린느 토트백","셀린느;가방;토트백"
"buyma-117222424","셀린느 토트백 ss","셀린느;가방;토트백"
"buyma-117222706","셀린느 토트백","셀린느;가방;토트백"
"buyma-117222897","셀린느 토트백 SS","셀린느;가방;토트백"
"buyma-117223069","셀린느 토트백 THAIS","셀린느;가방;토트백"
"buyma-117223354","셀린느 토트백","셀린느;가방;토트백"
"buyma-117223520","셀린느 핸드백·미니백","셀린느;가방;핸드백·미니백"
"buyma-117223685","셀린느 반지갑·카드지갑","셀린느;지갑·소품;반지갑·카드지갑"
"buyma-117223816","셀린느 가방 기타 TRIOMPHE THAIS","셀린느;가방;가방 기타"
"buyma-117254717","셀린느 후디·스웨트","셀린느;의류;후디·스웨트"
"buyma-117468347","로에베 티셔츠·탑 Aespa","로에베;의류;티셔츠·탑"
"buyma-117468462","로에베 티셔츠·탑","로에베;의류;티셔츠·탑"
"buyma-117468519","로에베 티셔츠·탑","로에베;의류;티셔츠·탑"
"buyma-117468585","로에베 티셔츠·탑","로에베;의류;티셔츠·탑"
"buyma-117468735","로에베 스니커즈","로에베;신발;스니커즈"
"buyma-117469376","셀린느 티셔츠·탑 SS","셀린느;의류;티셔츠·탑"
"buyma-117469645","셀린느 티셔츠·탑 SS","셀린느;의류;티셔츠·탑"
"buyma-117470118","셀린느 티셔츠·탑 SS","셀린느;의류;티셔츠·탑"
"buyma-117543886","로에베 티셔츠·탑","로에베;의류;티셔츠·탑"
"buyma-117546483","로에베 티셔츠·탑","로에베;의류;티셔츠·탑"
"buyma-117682655","구찌 티셔츠·탑 adidas","구찌;의류;티셔츠·탑"
"buyma-117929173","로에베 토트백","로에베;가방;토트백"
"buyma-117929689","로에베 숄더백·크로스백","로에베;가방;숄더백·크로스백"
"buyma-117948812","로에베 숄더백·크로스백 SS","로에베;가방;숄더백·크로스백"
"buyma-117949081","로에베 토트백","로에베;가방;토트백"
"buyma-117949379","로에베 버킷햇·햇 SS","로에베;모자;버킷햇·햇"
"buyma-117949649","로에베 버킷햇·햇 SS","로에베;모자;버킷햇·햇"
"buyma-117950125","로에베 토트백 SS","로에베;가방;토트백"
"buyma-117965454","로에베 의류 기타","로에베;의류;의류 기타"
"buyma-117965474","로에베 버킷햇·햇 SS","로에베;모자;버킷햇·햇"
"buyma-117965506","로에베 선글라스·아이웨어 SS","로에베;액세서리;선글라스·아이웨어"
"buyma-118195011","미우미우 숄더백·크로스백 MIUMIU SS","미우미우;가방;숄더백·크로스백"
"buyma-118287180","미우미우 티셔츠·탑 MIUMIU I-DLE","미우미우;의류;티셔츠·탑"
"buyma-118287544","프라다 티셔츠·탑 SS SANA","프라다;의류;티셔츠·탑"
"buyma-118427354","베르사체 선글라스·아이웨어 BIG","베르사체;액세서리;선글라스·아이웨어"
"buyma-118427420","베르사체 진스 숄더백·크로스백 BIG VersaceJeans","베르사체 진스;가방;숄더백·크로스백"
"buyma-118427546","베르사체 진스 숄더백·크로스백","베르사체 진스;가방;숄더백·크로스백"
"buyma-118428275","프라다 티셔츠·탑 SANA","프라다;의류;티셔츠·탑"
"buyma-118428452","프라다 숄더백·크로스백 SANA","프라다;가방;숄더백·크로스백"
"buyma-118431275","미우미우 선글라스·아이웨어 MIUMIU SS","미우미우;액세서리;선글라스·아이웨어"
"buyma-118432671","셀린느 버킷햇·햇","셀린느;모자;버킷햇·햇"
"buyma-118432749","셀린느 티셔츠·탑 SS","셀린느;의류;티셔츠·탑"
"buyma-118470245","프라다 숄더백·크로스백 SANA","프라다;가방;숄더백·크로스백"
"buyma-118482019","프라다 가방 기타 SS","프라다;가방;가방 기타"
"buyma-118490833","프라다 핸드백·미니백","프라다;가방;핸드백·미니백"
"buyma-118634561","로에베 버킷햇·햇 BLACKPINK LISA","로에베;모자;버킷햇·햇"
"buyma-118634695","프라다 티셔츠·탑 SUMMER","프라다;의류;티셔츠·탑"
"buyma-118634919","프라다 숄더백·크로스백 SANA","프라다;가방;숄더백·크로스백"
"buyma-118635030","막스마라 티셔츠·탑 Oreste","막스마라;의류;티셔츠·탑"
"buyma-118647293","막스마라 티셔츠·탑 Oreste","막스마라;의류;티셔츠·탑"
"buyma-118647342","막스마라 티셔츠·탑 Oreste","막스마라;의류;티셔츠·탑"
"buyma-118647471","막스마라 티셔츠·탑 SS25","막스마라;의류;티셔츠·탑"
"buyma-118647508","막스마라 티셔츠·탑 SS25","막스마라;의류;티셔츠·탑"
"buyma-118647939","막스마라 티셔츠·탑 QUIETO","막스마라;의류;티셔츠·탑"
"buyma-118855838","토리버치 핸드백·미니백 XS","토리버치;가방;핸드백·미니백"
"buyma-118976312","프라다 숄더백·크로스백","프라다;가방;숄더백·크로스백"
"buyma-118976644","프라다 숄더백·크로스백","프라다;가방;숄더백·크로스백"
"buyma-118998207","비비안 웨스트우드 숄더백·크로스백","비비안 웨스트우드;가방;숄더백·크로스백"
"buyma-118998433","프라다 샌들·슬리퍼","프라다;신발;샌들·슬리퍼"
"buyma-119003243","프라다 샌들·슬리퍼","프라다;신발;샌들·슬리퍼"
"buyma-119003640","프라다 샌들·슬리퍼","프라다;신발;샌들·슬리퍼"
"buyma-119003695","프라다 샌들·슬리퍼","프라다;신발;샌들·슬리퍼"
"buyma-119018988","셀린느 샌들·슬리퍼 MARINA","셀린느;신발;샌들·슬리퍼"
"buyma-119019040","셀린느 스니커즈","셀린느;신발;스니커즈"
"buyma-119019072","셀린느 토트백 TRIOMPHE","셀린느;가방;토트백"
"buyma-119019116","셀린느 플랫·로퍼","셀린느;신발;플랫·로퍼"
"buyma-119155022","미우미우 캡 MIUMIU WHITE","미우미우;모자;캡"
"buyma-119155065","미우미우 캡 MIUMIU DENIM","미우미우;모자;캡"
"buyma-119155148","미우미우 토트백 MIUMIU BROWN","미우미우;가방;토트백"
"buyma-119155202","미우미우 플랫·로퍼 MiuMiu","미우미우;신발;플랫·로퍼"
"buyma-119241502","프라다 가방 기타 SS","프라다;가방;가방 기타"
"buyma-119256186","프라다 가방 기타 SS","프라다;가방;가방 기타"
"buyma-119256330","프라다 가방 기타 Re-nylon Saffiano","프라다;가방;가방 기타"
"buyma-119256476","로에베 선글라스·아이웨어 PRADA SS","로에베;액세서리;선글라스·아이웨어"
"buyma-119256544","프라다 숄더백·크로스백 Re-Nylon Saffiano","프라다;가방;숄더백·크로스백"
"buyma-119256583","프라다 핸드백·미니백 Cleo","프라다;가방;핸드백·미니백"
"buyma-119256695","프라다 원피스·스커트","프라다;의류;원피스·스커트"
"buyma-119256732","프라다 숄더백·크로스백","프라다;가방;숄더백·크로스백"
"buyma-119256830","프라다 숄더백·크로스백","프라다;가방;숄더백·크로스백"
"buyma-119256897","프라다 스니커즈","프라다;신발;스니커즈"
"buyma-119256973","프라다 티셔츠·탑","프라다;의류;티셔츠·탑"
"buyma-119257018","프라다 티셔츠·탑 SUMMER","프라다;의류;티셔츠·탑"
"buyma-119257136","프라다 재킷·블루종 SUMMER","프라다;의류;재킷·블루종"
"buyma-119257188","프라다 티셔츠·탑 RE-NYLON SS23","프라다;의류;티셔츠·탑"
"buyma-119257217","프라다 재킷·블루종 Re-Nylon","프라다;의류;재킷·블루종"
"buyma-119362611","프라다 재킷·블루종 SUMMER","프라다;의류;재킷·블루종"
"buyma-119363565","프라다 셔츠·블라우스 Re-Nylon","프라다;의류;셔츠·블라우스"
"buyma-119399429","셀린느 티셔츠·탑","셀린느;의류;티셔츠·탑"
"buyma-119399612","셀린느 티셔츠·탑","셀린느;의류;티셔츠·탑"
"buyma-119619218","프라다 티셔츠·탑","프라다;의류;티셔츠·탑"
"buyma-119619356","프라다 숄더백·크로스백 Re-Nylon Saffiano","프라다;가방;숄더백·크로스백"
"buyma-119677456","셀린느 티셔츠·탑 SS","셀린느;의류;티셔츠·탑"
"buyma-119722881","셀린느 티셔츠·탑","셀린느;의류;티셔츠·탑"
"buyma-119722910","셀린느 티셔츠·탑 Lovely","셀린느;의류;티셔츠·탑"
"buyma-119722946","셀린느 티셔츠·탑 SS","셀린느;의류;티셔츠·탑"
"buyma-119723041","셀린느 티셔츠·탑 SS","셀린느;의류;티셔츠·탑"
"buyma-119735239","셀린느 티셔츠·탑 SS PARIS","셀린느;의류;티셔츠·탑"
"buyma-119735320","셀린느 티셔츠·탑 SS PARIS","셀린느;의류;티셔츠·탑"
"buyma-119735570","셀린느 티셔츠·탑 Hot PINK","셀린느;의류;티셔츠·탑"
"buyma-119851231","미우미우 플랫·로퍼","미우미우;신발;플랫·로퍼"
"buyma-119852880","프라다 숄더백·크로스백 Saffiano","프라다;가방;숄더백·크로스백"
"buyma-119974665","셀린느 샌들·슬리퍼 Pitea","셀린느;신발;샌들·슬리퍼"
"buyma-120010193","프라다 숄더백·크로스백 Saffiano","프라다;가방;숄더백·크로스백"
"buyma-120018618","프라다 숄더백·크로스백 Re-nylon Saffiano","프라다;가방;숄더백·크로스백"
"buyma-120020529","발렌시아가 샌들·슬리퍼 Slide sandal","발렌시아가;신발;샌들·슬리퍼"
"buyma-120345036","프라다 핸드백·미니백","프라다;가방;핸드백·미니백"
"buyma-120347109","프라다 핸드백·미니백 Re","프라다;가방;핸드백·미니백"
"buyma-120349313","프라다 핸드백·미니백","프라다;가방;핸드백·미니백"
"buyma-120389980","미우미우 캡 MIUMIU IVE","미우미우;모자;캡"
"buyma-120409956","미우미우 티셔츠·탑 MIUMIU FW24","미우미우;의류;티셔츠·탑"
"buyma-120410779","미우미우 캡 MIUMIU IVE","미우미우;모자;캡"
"buyma-120440826","미우미우 캡 MIUMIU WHITE","미우미우;모자;캡"
"buyma-120440863","미우미우 버킷햇·햇 MIUMIU IVE","미우미우;모자;버킷햇·햇"
"buyma-120441124","미우미우 핸드백·미니백 MIUMIU Matelasse","미우미우;가방;핸드백·미니백"
"buyma-120500239","발렌시아가 샌들·슬리퍼 Paris","발렌시아가;신발;샌들·슬리퍼"
"buyma-120500260","발렌시아가 샌들·슬리퍼 XL","발렌시아가;신발;샌들·슬리퍼"
"buyma-120500285","발렌시아가 샌들·슬리퍼 XL","발렌시아가;신발;샌들·슬리퍼"
"buyma-120500793","프라다 숄더백·크로스백","프라다;가방;숄더백·크로스백"
"buyma-120500879","프라다 토트백","프라다;가방;토트백"
"buyma-120500911","프라다 토트백","프라다;가방;토트백"
"buyma-120500949","프라다 토트백 WAY","프라다;가방;토트백"
"buyma-120500976","프라다 가방 기타","프라다;가방;가방 기타"
"buyma-120501006","프라다 핸드백·미니백 Saffiano","프라다;가방;핸드백·미니백"
"buyma-120501050","프라다 핸드백·미니백 Re-Nylon Beige","프라다;가방;핸드백·미니백"
"buyma-120501125","프라다 토트백 MESH SET","프라다;가방;토트백"
"buyma-120501166","프라다 토트백 BROWN","프라다;가방;토트백"
"buyma-120501206","프라다 핸드백·미니백 WHITE color","프라다;가방;핸드백·미니백"
"buyma-120501258","프라다 숄더백·크로스백 SS","프라다;가방;숄더백·크로스백"
"buyma-120501299","프라다 핸드백·미니백","프라다;가방;핸드백·미니백"
"buyma-120515253","발렌시아가 샌들·슬리퍼 XL","발렌시아가;신발;샌들·슬리퍼"
"buyma-120535002","프라다 숄더백·크로스백 SS","프라다;가방;숄더백·크로스백"
"buyma-120535307","발렌시아가 샌들·슬리퍼 XL","발렌시아가;신발;샌들·슬리퍼"
"buyma-120548212","프라다 핸드백·미니백 BROWN","프라다;가방;핸드백·미니백"
"buyma-120548303","프라다 숄더백·크로스백 WHITE color","프라다;가방;숄더백·크로스백"
"buyma-120548362","프라다 토트백","프라다;가방;토트백"
"buyma-120548698","프라다 숄더백·크로스백 Re-Nylon Beige","프라다;가방;숄더백·크로스백"
"buyma-120548881","프라다 숄더백·크로스백 Saffiano","프라다;가방;숄더백·크로스백"
"buyma-120549015","프라다 토트백","프라다;가방;토트백"
"buyma-120549483","프라다 숄더백·크로스백","프라다;가방;숄더백·크로스백"
"buyma-120549516","프라다 숄더백·크로스백 WAY","프라다;가방;숄더백·크로스백"
"buyma-120549941","프라다 숄더백·크로스백","프라다;가방;숄더백·크로스백"
"buyma-120550296","프라다 숄더백·크로스백","프라다;가방;숄더백·크로스백"
"buyma-120550622","프라다 토트백","프라다;가방;토트백"
"buyma-120610363","프라다 핸드백·미니백 Sky blue","프라다;가방;핸드백·미니백"
"buyma-120610813","프라다 숄더백·크로스백 Re-edition Re-Nylon","프라다;가방;숄더백·크로스백"
"buyma-120610951","프라다 핸드백·미니백 Re-edition Re-Nylon","프라다;가방;핸드백·미니백"
"buyma-120610965","프라다 숄더백·크로스백 Re-edition Re-Nylon","프라다;가방;숄더백·크로스백"
"buyma-120611069","프라다 핸드백·미니백 Re-edition Re-Nylon","프라다;가방;핸드백·미니백"
"buyma-120611265","프라다 숄더백·크로스백 Re-edition Re-Nylon","프라다;가방;숄더백·크로스백"
"buyma-120623241","프라다 샌들·슬리퍼","프라다;신발;샌들·슬리퍼"
"buyma-121112986","프라다 뷰티·라이프","프라다;기타;뷰티·라이프"
"buyma-121116070","프라다 뷰티·라이프","프라다;기타;뷰티·라이프"
"buyma-121373082","막스마라 티셔츠·탑 SS QUIETO","막스마라;의류;티셔츠·탑"
"buyma-121826744","막스마라 후디·스웨트 MaxMara MOLVENO","막스마라;의류;후디·스웨트"
"buyma-121826876","막스마라 숄더백·크로스백 ELSA Ivory","막스마라;가방;숄더백·크로스백"
"buyma-121827207","막스마라 후디·스웨트 MaxMara White","막스마라;의류;후디·스웨트"
"buyma-121832234","막스마라 후디·스웨트 MaxMara Grey","막스마라;의류;후디·스웨트"
"buyma-121832278","막스마라 후디·스웨트 MaxMara Grey","막스마라;의류;후디·스웨트"
"buyma-121841414","막스마라 후디·스웨트 MaxMara","막스마라;의류;후디·스웨트"
"buyma-121841531","막스마라 후디·스웨트 MaxMara","막스마라;의류;후디·스웨트"
"buyma-121843809","막스마라 후디·스웨트 MaxMara","막스마라;의류;후디·스웨트"
"buyma-121844025","막스마라 재킷·블루종 MaxMara Studio","막스마라;의류;재킷·블루종"
"buyma-121844154","막스마라 재킷·블루종 MaxMara","막스마라;의류;재킷·블루종"
"buyma-121844458","막스마라 티셔츠·탑 MaxMara SS","막스마라;의류;티셔츠·탑"
"buyma-121844546","막스마라 코트 MaxMara SS","막스마라;의류;코트"
"buyma-121844628","막스마라 백팩 MaxMara POPOLI","막스마라;가방;백팩"
"buyma-121845030","막스마라 다운·패딩 The Cube","막스마라;의류;다운·패딩"
"buyma-121845351","막스마라 다운·패딩 The Cube","막스마라;의류;다운·패딩"
"buyma-121845548","셀린느 후디·스웨트","셀린느;의류;후디·스웨트"
"buyma-121845589","셀린느 후디·스웨트","셀린느;의류;후디·스웨트"
"buyma-121845682","셀린느 후디·스웨트","셀린느;의류;후디·스웨트"
"buyma-121845780","셀린느 후디·스웨트","셀린느;의류;후디·스웨트"
"buyma-121845951","셀린느 후디·스웨트","셀린느;의류;후디·스웨트"
"buyma-121853076","프라다 핸드백·미니백 terry mini-bag","프라다;가방;핸드백·미니백"
"buyma-121853121","프라다 숄더백·크로스백 Re-Edition mini-bag","프라다;가방;숄더백·크로스백"
"buyma-121910493","프라다 스니커즈 BEIGE","프라다;신발;스니커즈"
"buyma-121910545","프라다 플랫·로퍼 BEIGE","프라다;신발;플랫·로퍼"
"buyma-121910841","프라다 반지갑·카드지갑","프라다;지갑·소품;반지갑·카드지갑"
"buyma-121910908","프라다 키링·참","프라다;지갑·소품;키링·참"
"buyma-121911070","프라다 숄더백·크로스백 Re-Nylon","프라다;가방;숄더백·크로스백"
"buyma-121911091","프라다 핸드백·미니백 Re-Nylon","프라다;가방;핸드백·미니백"
"buyma-121911271","프라다 반지갑·카드지갑","프라다;지갑·소품;반지갑·카드지갑"
"buyma-121911305","프라다 반지갑·카드지갑","프라다;지갑·소품;반지갑·카드지갑"
"buyma-121911382","프라다 반지갑·카드지갑 MO513 CX2","프라다;지갑·소품;반지갑·카드지갑"
"buyma-121911397","프라다 반지갑·카드지갑 RE-NYLON","프라다;지갑·소품;반지갑·카드지갑"
"buyma-121911665","프라다 재킷·블루종 Re-Nylon","프라다;의류;재킷·블루종"
"buyma-121915553","프라다 핸드백·미니백","프라다;가방;핸드백·미니백"
"buyma-121942054","셀린느 후디·스웨트","셀린느;의류;후디·스웨트"
"buyma-121942659","셀린느 니트·가디건","셀린느;의류;니트·가디건"
"buyma-121960942","미우미우 스니커즈 MiuMiu","미우미우;신발;스니커즈"
"buyma-121960990","미우미우 스니커즈 MiuMiu","미우미우;신발;스니커즈"
"buyma-122376403","셀린느 토트백 TRIOMPHE","셀린느;가방;토트백"
"buyma-122376441","셀린느 토트백 TRIOMPHE","셀린느;가방;토트백"
"buyma-122453822","비비안 웨스트우드 머플러·스카프","비비안 웨스트우드;액세서리;머플러·스카프"
"buyma-122456773","비비안 웨스트우드 머플러·스카프","비비안 웨스트우드;액세서리;머플러·스카프"
"buyma-122456779","비비안 웨스트우드 머플러·스카프","비비안 웨스트우드;액세서리;머플러·스카프"
"buyma-122456873","미우미우 핸드백·미니백 Naplak","미우미우;가방;핸드백·미니백"
"buyma-122456939","미우미우 후디·스웨트","미우미우;의류;후디·스웨트"
"buyma-122456955","미우미우 숄더백·크로스백 Naplak","미우미우;가방;숄더백·크로스백"
"buyma-122457461","프라다 핸드백·미니백 Panier","프라다;가방;핸드백·미니백"
"buyma-122457477","프라다 숄더백·크로스백 Panier","프라다;가방;숄더백·크로스백"
"buyma-122486284","프라다 부츠","프라다;신발;부츠"
"buyma-122486526","프라다 플랫·로퍼","프라다;신발;플랫·로퍼"
"buyma-122486695","프라다 부츠","프라다;신발;부츠"
"buyma-122486714","프라다 플랫·로퍼","프라다;신발;플랫·로퍼"
"buyma-122486830","프라다 플랫·로퍼","프라다;신발;플랫·로퍼"
"buyma-122487011","프라다 플랫·로퍼 Monolith","프라다;신발;플랫·로퍼"
"buyma-122714385","아미 파리스 재킷·블루종 AMIPARIS De","아미 파리스;의류;재킷·블루종"
"buyma-122714895","아미 파리스 재킷·블루종 PUMA AMIPARIS","아미 파리스;의류;재킷·블루종"
"buyma-122714927","아미 파리스 후디·스웨트 AMIPARIS De","아미 파리스;의류;후디·스웨트"
"buyma-122714958","아미 파리스 후디·스웨트 AMIPARIS SS23","아미 파리스;의류;후디·스웨트"
"buyma-122714971","아미 파리스 후디·스웨트 AMIPARIS SS24","아미 파리스;의류;후디·스웨트"
"buyma-122721336","아미 파리스 후디·스웨트 Puma","아미 파리스;의류;후디·스웨트"
"buyma-122721419","아미 파리스 니트·가디건","아미 파리스;의류;니트·가디건"
"buyma-122728469","막스마라 후디·스웨트","막스마라;의류;후디·스웨트"
"buyma-122728589","셀린느 토트백 MICRO TILLY","셀린느;가방;토트백"
"buyma-122737241","아미 파리스 재킷·블루종 PUMAxAMI","아미 파리스;의류;재킷·블루종"
"buyma-122753331","프라다 다운·패딩 Re-Nylon","프라다;의류;다운·패딩"
"buyma-122759998","프라다 다운·패딩 Re-Nylon","프라다;의류;다운·패딩"
"buyma-122760009","프라다 다운·패딩 Cropped Re-Nylon","프라다;의류;다운·패딩"
"buyma-122760144","프라다 다운·패딩 Cropped Re-Nylon","프라다;의류;다운·패딩"
"buyma-122760257","프라다 다운·패딩","프라다;의류;다운·패딩"
"buyma-122760290","프라다 다운·패딩","프라다;의류;다운·패딩"
"buyma-122760527","프라다 다운·패딩 Re-Nylon","프라다;의류;다운·패딩"
"buyma-122760618","프라다 다운·패딩 Re-Nylon","프라다;의류;다운·패딩"
"buyma-122760789","프라다 다운·패딩 Re-Nylon","프라다;의류;다운·패딩"
"buyma-122760830","프라다 다운·패딩 Re-Nylon","프라다;의류;다운·패딩"
"buyma-122761207","프라다 다운·패딩 Re-Nylon","프라다;의류;다운·패딩"
"buyma-122761292","프라다 다운·패딩 Re-Nylon","프라다;의류;다운·패딩"
"buyma-122764547","프라다 다운·패딩","프라다;의류;다운·패딩"
"buyma-122764694","프라다 다운·패딩","프라다;의류;다운·패딩"
"buyma-122764838","프라다 다운·패딩 WAY Re-Nylon","프라다;의류;다운·패딩"
"buyma-122764899","프라다 다운·패딩","프라다;의류;다운·패딩"
"buyma-122765232","프라다 니트·가디건 SS","프라다;의류;니트·가디건"
"buyma-123133103","미우미우 후디·스웨트","미우미우;의류;후디·스웨트"
"buyma-123206957","아미 파리스 후디·스웨트","아미 파리스;의류;후디·스웨트"
"buyma-123206984","아미 파리스 후디·스웨트","아미 파리스;의류;후디·스웨트"
"buyma-123207168","아미 파리스 후디·스웨트 Puma Logo","아미 파리스;의류;후디·스웨트"
"buyma-123207192","아미 파리스 후디·스웨트 Puma Logo","아미 파리스;의류;후디·스웨트"
"buyma-123207471","아미 파리스 후디·스웨트 Puma","아미 파리스;의류;후디·스웨트"
"buyma-123214124","프라다 숄더백·크로스백","프라다;가방;숄더백·크로스백"
"buyma-123522678","비비안 웨스트우드 숄더백·크로스백","비비안 웨스트우드;가방;숄더백·크로스백"
"buyma-123522802","비비안 웨스트우드 클러치·파우치","비비안 웨스트우드;가방;클러치·파우치"
"buyma-123522862","비비안 웨스트우드 숄더백·크로스백","비비안 웨스트우드;가방;숄더백·크로스백"
"buyma-123522890","비비안 웨스트우드 핸드백·미니백","비비안 웨스트우드;가방;핸드백·미니백"
"buyma-123522933","비비안 웨스트우드 숄더백·크로스백 HAZEL","비비안 웨스트우드;가방;숄더백·크로스백"
"buyma-123522946","비비안 웨스트우드 핸드백·미니백 HAZEL","비비안 웨스트우드;가방;핸드백·미니백"
"buyma-123523052","비비안 웨스트우드 숄더백·크로스백","비비안 웨스트우드;가방;숄더백·크로스백"
"buyma-123523176","비비안 웨스트우드 숄더백·크로스백","비비안 웨스트우드;가방;숄더백·크로스백"
"buyma-123523193","비비안 웨스트우드 핸드백·미니백","비비안 웨스트우드;가방;핸드백·미니백"
"buyma-123523420","비비안 웨스트우드 숄더백·크로스백 SS23","비비안 웨스트우드;가방;숄더백·크로스백"
"buyma-123581271","프라다 숄더백·크로스백 Re-Edition BH204","프라다;가방;숄더백·크로스백"
"buyma-123585602","비비안 웨스트우드 숄더백·크로스백","비비안 웨스트우드;가방;숄더백·크로스백"
"buyma-123585617","비비안 웨스트우드 숄더백·크로스백 Pamela","비비안 웨스트우드;가방;숄더백·크로스백"
"buyma-123585625","비비안 웨스트우드 숄더백·크로스백 DAISY","비비안 웨스트우드;가방;숄더백·크로스백"
"buyma-123585639","비비안 웨스트우드 숄더백·크로스백 DAISY","비비안 웨스트우드;가방;숄더백·크로스백"
"buyma-123585756","막스마라 숄더백·크로스백 MaxMara Teddy","막스마라;가방;숄더백·크로스백"
"buyma-123647734","미우미우 토트백 MIUMIU IVE","미우미우;가방;토트백"
"buyma-123811184","프라다 숄더백·크로스백","프라다;가방;숄더백·크로스백"
"buyma-124063021","아미 파리스 후디·스웨트 AMIPARIS FW22","아미 파리스;의류;후디·스웨트"
"buyma-124063128","아미 파리스 후디·스웨트 AMIPARIS FW22","아미 파리스;의류;후디·스웨트"
"buyma-124101205","아미 파리스 후디·스웨트 AMIPARIS SS24","아미 파리스;의류;후디·스웨트"
"buyma-124101261","아미 파리스 후디·스웨트 AMIPARIS SS23","아미 파리스;의류;후디·스웨트"
"buyma-124101350","아미 파리스 후디·스웨트 AMIPARIS De","아미 파리스;의류;후디·스웨트"
"buyma-124389744","미우미우 버킷햇·햇 MIUMIU IVE","미우미우;모자;버킷햇·햇"
"buyma-124655760","미우미우 숄더백·크로스백 Naplak","미우미우;가방;숄더백·크로스백"
"buyma-124655777","미우미우 토트백 Naplak","미우미우;가방;토트백"
"buyma-124656184","미우미우 숄더백·크로스백","미우미우;가방;숄더백·크로스백"
"buyma-124656187","미우미우 핸드백·미니백","미우미우;가방;핸드백·미니백"
"buyma-124656296","아미 파리스 다운·패딩 PUMA Puffer","아미 파리스;의류;다운·패딩"
"buyma-124656306","아미 파리스 다운·패딩 PUMA Puffer","아미 파리스;의류;다운·패딩"
"buyma-124738185","프라다 플랫·로퍼","프라다;신발;플랫·로퍼"
"buyma-124803274","셀린느 샌들·슬리퍼","셀린느;신발;샌들·슬리퍼"
"buyma-124803287","셀린느 스니커즈","셀린느;신발;스니커즈"
"buyma-124803465","셀린느 샌들·슬리퍼 Triomphe","셀린느;신발;샌들·슬리퍼"
"buyma-124803491","셀린느 샌들·슬리퍼 Triomphe","셀린느;신발;샌들·슬리퍼"
"buyma-124803679","셀린느 니트·가디건 FW25","셀린느;의류;니트·가디건"
"buyma-124803697","셀린느 니트·가디건 FW25","셀린느;의류;니트·가디건"
"buyma-124803817","셀린느 니트·가디건 FW25","셀린느;의류;니트·가디건"
"buyma-124803845","셀린느 니트·가디건 FW25","셀린느;의류;니트·가디건"
"buyma-124805041","미우미우 니트·가디건 miumiu Knit","미우미우;의류;니트·가디건"
"buyma-124805252","미우미우 다운·패딩 JK","미우미우;의류;다운·패딩"
"buyma-124805255","미우미우 다운·패딩 JK","미우미우;의류;다운·패딩"
"buyma-124805327","미우미우 다운·패딩 JK","미우미우;의류;다운·패딩"
"buyma-124805437","미우미우 다운·패딩 JK","미우미우;의류;다운·패딩"
"buyma-124814276","프라다 숄더백·크로스백","프라다;가방;숄더백·크로스백"
"buyma-124814455","프라다 반지갑·카드지갑 MC066 QME","프라다;지갑·소품;반지갑·카드지갑"
"buyma-124814520","프라다 반지갑·카드지갑 MC066 QME","프라다;지갑·소품;반지갑·카드지갑"
"buyma-124814785","프라다 반지갑·카드지갑 MC208 B6P","프라다;지갑·소품;반지갑·카드지갑"
"buyma-124814826","프라다 반지갑·카드지갑 MC208 B6P","프라다;지갑·소품;반지갑·카드지갑"
"buyma-124816333","셀린느 니트·가디건 ADJ7823V","셀린느;의류;니트·가디건"
"buyma-124816343","셀린느 니트·가디건 ADJ7823V","셀린느;의류;니트·가디건"
"buyma-124816382","셀린느 니트·가디건","셀린느;의류;니트·가디건"
"buyma-124816610","아크네 스튜디오 머플러·스카프","아크네 스튜디오;액세서리;머플러·스카프"
"buyma-124816619","아크네 스튜디오 머플러·스카프","아크네 스튜디오;액세서리;머플러·스카프"
"buyma-124816667","아크네 스튜디오 머플러·스카프","아크네 스튜디오;액세서리;머플러·스카프"
"buyma-124816674","아크네 스튜디오 머플러·스카프","아크네 스튜디오;액세서리;머플러·스카프"
"buyma-124816695","아크네 스튜디오 머플러·스카프","아크네 스튜디오;액세서리;머플러·스카프"
"buyma-124852089","아크네 스튜디오 머플러·스카프","아크네 스튜디오;액세서리;머플러·스카프"
"buyma-124852097","아크네 스튜디오 머플러·스카프","아크네 스튜디오;액세서리;머플러·스카프"
"buyma-124853155","아크네 스튜디오 머플러·스카프","아크네 스튜디오;액세서리;머플러·스카프"
"buyma-124853158","아크네 스튜디오 머플러·스카프","아크네 스튜디오;액세서리;머플러·스카프"
"buyma-124853297","미우미우 핸드백·미니백","미우미우;가방;핸드백·미니백"
"buyma-124853769","미우미우 핸드백·미니백","미우미우;가방;핸드백·미니백"
"buyma-124853790","미우미우 토트백","미우미우;가방;토트백"
"buyma-125150539","프라다 토트백","프라다;가방;토트백"
"buyma-125269988","프라다 샌들·슬리퍼","프라다;신발;샌들·슬리퍼"
"buyma-125270026","프라다 샌들·슬리퍼","프라다;신발;샌들·슬리퍼"
"buyma-125270140","미우미우 스니커즈","미우미우;신발;스니커즈"
"buyma-125430049","프라다 토트백 ReNylon","프라다;가방;토트백"
"buyma-125430333","프라다 토트백 Re-Edition2002","프라다;가방;토트백"
"buyma-125430526","프라다 토트백 Re-Edition2002","프라다;가방;토트백"
"buyma-125430548","프라다 핸드백·미니백 Re-Edition2002","프라다;가방;핸드백·미니백"
"buyma-125442721","프라다 토트백 Re-Nylon","프라다;가방;토트백"
"buyma-125658088","프라다 다운·패딩 Cropped Re-Nylon","프라다;의류;다운·패딩"
"buyma-125691018","프라다 숄더백·크로스백 Shearling Shoulder","프라다;가방;숄더백·크로스백"
"buyma-125695036","프라다 숄더백·크로스백","프라다;가방;숄더백·크로스백"
"buyma-125728979","미우미우 숄더백·크로스백 IVE WAY","미우미우;가방;숄더백·크로스백"
"buyma-125729100","미우미우 토트백 IVE WAY","미우미우;가방;토트백"
"buyma-125729563","미우미우 숄더백·크로스백 IVE","미우미우;가방;숄더백·크로스백"
"buyma-125912419","샤넬 부츠 Jenny","샤넬;신발;부츠"
"buyma-125943629","프라다 핸드백·미니백","프라다;가방;핸드백·미니백"
"buyma-126350656","아미 파리스 머플러·스카프","아미 파리스;액세서리;머플러·스카프"
"buyma-126350666","아미 파리스 머플러·스카프","아미 파리스;액세서리;머플러·스카프"
"buyma-126350718","아미 파리스 머플러·스카프","아미 파리스;액세서리;머플러·스카프"
"buyma-126350733","아미 파리스 머플러·스카프 GRAY","아미 파리스;액세서리;머플러·스카프"
"buyma-126351228","아미 파리스 머플러·스카프 De Coeur","아미 파리스;액세서리;머플러·스카프"
"buyma-126351236","아미 파리스 머플러·스카프 De Coeur","아미 파리스;액세서리;머플러·스카프"
"buyma-126351279","아미 파리스 머플러·스카프 De Coeur","아미 파리스;액세서리;머플러·스카프"
"buyma-126351289","아미 파리스 머플러·스카프 De Coeur","아미 파리스;액세서리;머플러·스카프"
"buyma-126351315","아미 파리스 머플러·스카프 De Coeur","아미 파리스;액세서리;머플러·스카프"
"buyma-126351325","아미 파리스 머플러·스카프 De Coeur","아미 파리스;액세서리;머플러·스카프"
"buyma-126351365","아미 파리스 머플러·스카프 De Coeur","아미 파리스;액세서리;머플러·스카프"
"buyma-126351377","아미 파리스 머플러·스카프 De Coeur","아미 파리스;액세서리;머플러·스카프"
"buyma-126351474","아미 파리스 머플러·스카프 De Coeur","아미 파리스;액세서리;머플러·스카프"
"buyma-126351487","아미 파리스 머플러·스카프 De Coeur","아미 파리스;액세서리;머플러·스카프"
"buyma-126351525","아미 파리스 머플러·스카프","아미 파리스;액세서리;머플러·스카프"
"buyma-126351541","아미 파리스 머플러·스카프","아미 파리스;액세서리;머플러·스카프"
"buyma-126532500","미우미우 토트백 MIUMIU Matelasse","미우미우;가방;토트백"
"buyma-126532714","미우미우 부츠 MiuMiu Leather","미우미우;신발;부츠"
"buyma-126575310","셀린느 후디·스웨트 FW","셀린느;의류;후디·스웨트"
"buyma-126600876","미우미우 숄더백·크로스백 MIUMIU Matelasse","미우미우;가방;숄더백·크로스백"
"buyma-126649889","미우미우 토트백 MIUMIU IVE","미우미우;가방;토트백"
"buyma-126660409","셀린느 후디·스웨트","셀린느;의류;후디·스웨트"
"buyma-126660786","미우미우 토트백 WAY","미우미우;가방;토트백"
"buyma-126673920","셀린느 후디·스웨트","셀린느;의류;후디·스웨트"
"buyma-126673937","셀린느 후디·스웨트","셀린느;의류;후디·스웨트"
"buyma-126673988","셀린느 후디·스웨트","셀린느;의류;후디·스웨트"
"buyma-126673995","셀린느 후디·스웨트","셀린느;의류;후디·스웨트"
"buyma-126823601","미우미우 핸드백·미니백 ZIP","미우미우;가방;핸드백·미니백"
"buyma-126823744","프라다 핸드백·미니백 Re-Edition","프라다;가방;핸드백·미니백"
"buyma-126824149","프라다 숄더백·크로스백 Shearling Shoulder","프라다;가방;숄더백·크로스백"
"buyma-126824380","프라다 핸드백·미니백","프라다;가방;핸드백·미니백"
"buyma-126877640","미우미우 숄더백·크로스백 Matelasse","미우미우;가방;숄더백·크로스백"
"buyma-126879497","셀린느 다운·패딩 Triomphe FW23","셀린느;의류;다운·패딩"
"buyma-126879530","셀린느 다운·패딩 Triomphe FW23","셀린느;의류;다운·패딩"
"buyma-126879549","셀린느 다운·패딩 Triomphe FW23","셀린느;의류;다운·패딩"
"buyma-126879568","셀린느 재킷·블루종 SS22 ZIP","셀린느;의류;재킷·블루종"
"buyma-126879597","셀린느 후디·스웨트 SS22","셀린느;의류;후디·스웨트"
"buyma-126879632","셀린느 후디·스웨트","셀린느;의류;후디·스웨트"
"buyma-126879640","셀린느 후디·스웨트","셀린느;의류;후디·스웨트"
"buyma-126879719","셀린느 숄더백·크로스백 CELINECuir Triomphe","셀린느;가방;숄더백·크로스백"
"buyma-126879765","프라다 핸드백·미니백 ZIP","프라다;가방;핸드백·미니백"
"buyma-126879788","프라다 숄더백·크로스백 ZIP","프라다;가방;숄더백·크로스백"
"buyma-126879814","프라다 핸드백·미니백 Re-Nylon Demi-lune","프라다;가방;핸드백·미니백"
"buyma-126879856","프라다 핸드백·미니백 Triangle","프라다;가방;핸드백·미니백"
"buyma-126879865","프라다 핸드백·미니백 Triangle","프라다;가방;핸드백·미니백"
"buyma-126879973","프라다 다운·패딩 Re-Nylon","프라다;의류;다운·패딩"
"buyma-126911068","셀린느 숄더백·크로스백 Tilly Triomphe","셀린느;가방;숄더백·크로스백"
"buyma-126911140","셀린느 핸드백·미니백 Tilly Triomphe","셀린느;가방;핸드백·미니백"
"buyma-127086253","아미 파리스 후디·스웨트 AMIPARIS SS24","아미 파리스;의류;후디·스웨트"
"buyma-127086290","아미 파리스 후디·스웨트 AMIPARIS SS24","아미 파리스;의류;후디·스웨트"
"buyma-127088977","셀린느 숄더백·크로스백 Triomphe Cabas","셀린느;가방;숄더백·크로스백"
"buyma-127089059","셀린느 숄더백·크로스백 Triomphe Cabas","셀린느;가방;숄더백·크로스백"
"buyma-127089066","셀린느 토트백 Cuir Triomphe","셀린느;가방;토트백"
"buyma-127089197","셀린느 숄더백·크로스백","셀린느;가방;숄더백·크로스백"
"buyma-127089283","셀린느 토트백","셀린느;가방;토트백"
"buyma-127089322","셀린느 숄더백·크로스백","셀린느;가방;숄더백·크로스백"
"buyma-127089376","셀린느 숄더백·크로스백 CLAUDE","셀린느;가방;숄더백·크로스백"
"buyma-127089424","셀린느 숄더백·크로스백","셀린느;가방;숄더백·크로스백"
"buyma-127089465","셀린느 숄더백·크로스백","셀린느;가방;숄더백·크로스백"
"buyma-127089468","셀린느 토트백","셀린느;가방;토트백"
"buyma-127089527","셀린느 숄더백·크로스백 Triomphe Cabas","셀린느;가방;숄더백·크로스백"
"buyma-127089561","셀린느 숄더백·크로스백 Triomphe Cabas","셀린느;가방;숄더백·크로스백"
"buyma-127089937","메종 마르지엘라 숄더백·크로스백 GLAM SLAM","메종 마르지엘라;가방;숄더백·크로스백"
"buyma-127089963","메종 마르지엘라 숄더백·크로스백","메종 마르지엘라;가방;숄더백·크로스백"
"buyma-127089965","메종 마르지엘라 숄더백·크로스백 GLAM SLAM","메종 마르지엘라;가방;숄더백·크로스백"
"buyma-127089982","메종 마르지엘라 숄더백·크로스백 GLAM SLAM","메종 마르지엘라;가방;숄더백·크로스백"
"buyma-127090002","메종 마르지엘라 숄더백·크로스백","메종 마르지엘라;가방;숄더백·크로스백"
"buyma-127090023","메종 마르지엘라 숄더백·크로스백","메종 마르지엘라;가방;숄더백·크로스백"
"buyma-127090145","메종 마르지엘라 숄더백·크로스백 GLAM SLAM","메종 마르지엘라;가방;숄더백·크로스백"
"buyma-127090240","메종 마르지엘라 숄더백·크로스백","메종 마르지엘라;가방;숄더백·크로스백"
"buyma-127090306","메종 마르지엘라 숄더백·크로스백","메종 마르지엘라;가방;숄더백·크로스백"
"buyma-127097227","셀린느 후디·스웨트","셀린느;의류;후디·스웨트"
"buyma-127097239","셀린느 후디·스웨트","셀린느;의류;후디·스웨트"
"buyma-127097276","셀린느 후디·스웨트","셀린느;의류;후디·스웨트"
"buyma-127097718","셀린느 재킷·블루종","셀린느;의류;재킷·블루종"
"buyma-127097825","셀린느 재킷·블루종","셀린느;의류;재킷·블루종"
"buyma-127097839","셀린느 재킷·블루종","셀린느;의류;재킷·블루종"
"buyma-127097923","셀린느 재킷·블루종","셀린느;의류;재킷·블루종"
"buyma-127097933","셀린느 재킷·블루종","셀린느;의류;재킷·블루종"
"buyma-127097995","셀린느 재킷·블루종","셀린느;의류;재킷·블루종"
"buyma-127098012","셀린느 재킷·블루종","셀린느;의류;재킷·블루종"
"buyma-127126352","아미 파리스 니트·가디건 SS26","아미 파리스;의류;니트·가디건"
"buyma-127126357","아미 파리스 니트·가디건 SS26","아미 파리스;의류;니트·가디건"
"buyma-127126370","아미 파리스 니트·가디건 SS23","아미 파리스;의류;니트·가디건"
"buyma-127126377","아미 파리스 니트·가디건 FW21","아미 파리스;의류;니트·가디건"
"buyma-127126384","아미 파리스 니트·가디건","아미 파리스;의류;니트·가디건"
"buyma-127126412","아미 파리스 니트·가디건","아미 파리스;의류;니트·가디건"
"buyma-127126520","아미 파리스 니트·가디건 FW21","아미 파리스;의류;니트·가디건"
"buyma-127126526","아미 파리스 니트·가디건","아미 파리스;의류;니트·가디건"
"buyma-127126532","아미 파리스 니트·가디건 FW24","아미 파리스;의류;니트·가디건"
"buyma-127126535","아미 파리스 니트·가디건","아미 파리스;의류;니트·가디건"
"buyma-127126586","아미 파리스 니트·가디건","아미 파리스;의류;니트·가디건"
"buyma-127126594","아미 파리스 니트·가디건 FW23","아미 파리스;의류;니트·가디건"
"buyma-127126610","아미 파리스 니트·가디건 SS22","아미 파리스;의류;니트·가디건"
"buyma-127126634","아미 파리스 니트·가디건","아미 파리스;의류;니트·가디건"
"buyma-127126653","아미 파리스 니트·가디건 FW22","아미 파리스;의류;니트·가디건"
"buyma-127126671","아미 파리스 니트·가디건 FW22","아미 파리스;의류;니트·가디건"
"buyma-127126677","아미 파리스 니트·가디건 SS25","아미 파리스;의류;니트·가디건"
"buyma-127126695","아미 파리스 다운·패딩","아미 파리스;의류;다운·패딩"
"buyma-127126712","아미 파리스 다운·패딩","아미 파리스;의류;다운·패딩"
"buyma-127126726","아미 파리스 후디·스웨트","아미 파리스;의류;후디·스웨트"
"buyma-127126743","아미 파리스 니트·가디건","아미 파리스;의류;니트·가디건"
"buyma-127126761","아미 파리스 니트·가디건","아미 파리스;의류;니트·가디건"
"buyma-127126778","아미 파리스 니트·가디건","아미 파리스;의류;니트·가디건"
"buyma-127126785","아미 파리스 니트·가디건","아미 파리스;의류;니트·가디건"
"buyma-127126787","아미 파리스 니트·가디건 FW25","아미 파리스;의류;니트·가디건"
"buyma-127760841","셀린느 니트·가디건 SS24","셀린느;의류;니트·가디건"
"buyma-127760859","셀린느 후디·스웨트 SS24","셀린느;의류;후디·스웨트"
"buyma-127768206","프라다 핸드백·미니백 Re-Edition Re-Nylon","프라다;가방;핸드백·미니백"
"buyma-127768275","프라다 숄더백·크로스백 Re-Edition Re-Nylon","프라다;가방;숄더백·크로스백"
"buyma-127788417","미우미우 핸드백·미니백","미우미우;가방;핸드백·미니백"
"buyma-127788427","미우미우 토트백","미우미우;가방;토트백"
"buyma-127788573","미우미우 핸드백·미니백","미우미우;가방;핸드백·미니백"
"buyma-127801424","셀린느 니트·가디건","셀린느;의류;니트·가디건"
"buyma-127801431","셀린느 니트·가디건","셀린느;의류;니트·가디건"
"buyma-127801465","셀린느 니트·가디건 Triomphe SS26","셀린느;의류;니트·가디건"
"buyma-127801469","셀린느 니트·가디건 Triomphe SS26","셀린느;의류;니트·가디건"
"buyma-127962720","디올 반지갑·카드지갑 SADDLE","디올;지갑·소품;반지갑·카드지갑"
"buyma-127962770","디올 반지갑·카드지갑 SADDLE","디올;지갑·소품;반지갑·카드지갑"
"buyma-127966834","디올 토트백","디올;가방;토트백"
"buyma-127966854","디올 토트백 WAY","디올;가방;토트백"
"buyma-127966867","디올 숄더백·크로스백","디올;가방;숄더백·크로스백"
"buyma-127966904","디올 숄더백·크로스백 Saddle","디올;가방;숄더백·크로스백"
"buyma-127977182","디올 반지갑·카드지갑 Jolie CD","디올;지갑·소품;반지갑·카드지갑"
"buyma-127977253","디올 반지갑·카드지갑","디올;지갑·소품;반지갑·카드지갑"
"buyma-127983292","막스마라 후디·스웨트 MaxMara SS26","막스마라;의류;후디·스웨트"
"buyma-127983347","막스마라 후디·스웨트 MaxMara SS26","막스마라;의류;후디·스웨트"
"buyma-127984304","막스마라 후디·스웨트 SMMANDREA","막스마라;의류;후디·스웨트"
"buyma-127984624","막스마라 팬츠·데님","막스마라;의류;팬츠·데님"
"buyma-127984631","막스마라 팬츠·데님","막스마라;의류;팬츠·데님"
"buyma-127984706","막스마라 후디·스웨트","막스마라;의류;후디·스웨트"
"buyma-127984783","막스마라 팬츠·데님","막스마라;의류;팬츠·데님"
"buyma-127984835","막스마라 후디·스웨트 Set up","막스마라;의류;후디·스웨트"
"buyma-127984871","막스마라 팬츠·데님","막스마라;의류;팬츠·데님"
"buyma-127984918","막스마라 후디·스웨트","막스마라;의류;후디·스웨트"
"buyma-128010212","프라다 핸드백·미니백 Re-Edition2002","프라다;가방;핸드백·미니백"
"buyma-128010216","프라다 숄더백·크로스백 Re-Edition2002","프라다;가방;숄더백·크로스백"
"buyma-128011188","프라다 핸드백·미니백 Saffiano Hobo","프라다;가방;핸드백·미니백"
"buyma-128011193","프라다 숄더백·크로스백 Saffiano Hobo","프라다;가방;숄더백·크로스백"
"buyma-128042746","셀린느 토트백 Triomphe","셀린느;가방;토트백"
"buyma-128042774","셀린느 숄더백·크로스백 Triomphe","셀린느;가방;숄더백·크로스백"
"buyma-128042801","셀린느 토트백 Triomphe","셀린느;가방;토트백"
"buyma-128042815","셀린느 숄더백·크로스백 Triomphe","셀린느;가방;숄더백·크로스백"
"buyma-128042873","셀린느 숄더백·크로스백 Claude","셀린느;가방;숄더백·크로스백"
"buyma-128042914","셀린느 숄더백·크로스백 Claude","셀린느;가방;숄더백·크로스백"
"buyma-128042995","셀린느 숄더백·크로스백 Triomphe BOX","셀린느;가방;숄더백·크로스백"
"buyma-128043005","셀린느 토트백 Triomphe BOX","셀린느;가방;토트백"
"buyma-128043126","셀린느 숄더백·크로스백 CuirTriompheBOX","셀린느;가방;숄더백·크로스백"
"buyma-128583723","디올 티셔츠·탑 SS26","디올;의류;티셔츠·탑"
"buyma-128583896","디올 니트·가디건 SS26","디올;의류;니트·가디건"
"buyma-128584734","미우미우 니트·가디건","미우미우;의류;니트·가디건"
"buyma-128584937","미우미우 니트·가디건","미우미우;의류;니트·가디건"
"buyma-128585407","디올 티셔츠·탑","디올;의류;티셔츠·탑"
"buyma-128585473","디올 니트·가디건","디올;의류;니트·가디건"
"buyma-128585757","디올 티셔츠·탑 jeans","디올;의류;티셔츠·탑"
"buyma-128847645","로에베 티셔츠·탑","로에베;의류;티셔츠·탑"
"buyma-128908655","미우미우 티셔츠·탑 SS25","미우미우;의류;티셔츠·탑"
"buyma-128908702","미우미우 티셔츠·탑 SS24","미우미우;의류;티셔츠·탑"
"buyma-128908722","미우미우 티셔츠·탑 SS24","미우미우;의류;티셔츠·탑"
"buyma-128908740","미우미우 티셔츠·탑","미우미우;의류;티셔츠·탑"
"buyma-128908767","미우미우 티셔츠·탑","미우미우;의류;티셔츠·탑"
"buyma-128908808","미우미우 티셔츠·탑","미우미우;의류;티셔츠·탑"
"buyma-128909182","미우미우 티셔츠·탑","미우미우;의류;티셔츠·탑"
"buyma-128909206","미우미우 티셔츠·탑","미우미우;의류;티셔츠·탑"
"buyma-128909222","미우미우 티셔츠·탑","미우미우;의류;티셔츠·탑"
"buyma-128909243","미우미우 티셔츠·탑 FW24","미우미우;의류;티셔츠·탑"
"buyma-128909259","미우미우 티셔츠·탑","미우미우;의류;티셔츠·탑"
"buyma-128909304","미우미우 티셔츠·탑","미우미우;의류;티셔츠·탑"
"buyma-128909326","미우미우 티셔츠·탑","미우미우;의류;티셔츠·탑"
"buyma-128909348","미우미우 티셔츠·탑","미우미우;의류;티셔츠·탑"
"buyma-128909361","미우미우 티셔츠·탑 FW23","미우미우;의류;티셔츠·탑"
"buyma-128909377","미우미우 티셔츠·탑","미우미우;의류;티셔츠·탑"
"buyma-128909399","미우미우 티셔츠·탑 SS24","미우미우;의류;티셔츠·탑"
"buyma-128909438","미우미우 티셔츠·탑","미우미우;의류;티셔츠·탑"
"buyma-128909465","미우미우 티셔츠·탑","미우미우;의류;티셔츠·탑"
"buyma-128909616","미우미우 티셔츠·탑 SS25","미우미우;의류;티셔츠·탑"
"buyma-128909726","미우미우 티셔츠·탑","미우미우;의류;티셔츠·탑"
"buyma-128909842","미우미우 티셔츠·탑 SS23","미우미우;의류;티셔츠·탑"
"buyma-128909956","미우미우 티셔츠·탑","미우미우;의류;티셔츠·탑"
"buyma-128910080","미우미우 티셔츠·탑 SS23","미우미우;의류;티셔츠·탑"
"buyma-128910202","미우미우 티셔츠·탑","미우미우;의류;티셔츠·탑"
"buyma-128910316","미우미우 티셔츠·탑 FW23","미우미우;의류;티셔츠·탑"
"buyma-128910451","미우미우 티셔츠·탑 IVE SS23","미우미우;의류;티셔츠·탑"
"buyma-128910473","미우미우 티셔츠·탑 SS23","미우미우;의류;티셔츠·탑"
"buyma-128910500","미우미우 원피스·스커트","미우미우;의류;원피스·스커트"
"buyma-128910618","미우미우 원피스·스커트 SS23","미우미우;의류;원피스·스커트"
"buyma-128910643","미우미우 원피스·스커트","미우미우;의류;원피스·스커트"
"buyma-128910663","미우미우 원피스·스커트","미우미우;의류;원피스·스커트"
"buyma-128910695","미우미우 원피스·스커트 FW24","미우미우;의류;원피스·스커트"
"buyma-128910720","미우미우 니트·가디건 FW22","미우미우;의류;니트·가디건"
"buyma-128910744","미우미우 니트·가디건 FW23","미우미우;의류;니트·가디건"
"buyma-128945736","아미 파리스 재킷·블루종 AMIPARIS De","아미 파리스;의류;재킷·블루종"
"buyma-129986284","아미 파리스 후디·스웨트 AMIPARIS FW22","아미 파리스;의류;후디·스웨트"
"buyma-129986326","아미 파리스 후디·스웨트 AMIPARIS FW22","아미 파리스;의류;후디·스웨트"
"buyma-130021490","막스마라 후디·스웨트","막스마라;의류;후디·스웨트"
"buyma-130021739","막스마라 후디·스웨트 SS","막스마라;의류;후디·스웨트"
"buyma-130021850","막스마라 후디·스웨트 light blue","막스마라;의류;후디·스웨트"
"buyma-130368774","프라다 숄더백·크로스백 Re-Nylon","프라다;가방;숄더백·크로스백"
"buyma-130368966","프라다 숄더백·크로스백 ReNylon","프라다;가방;숄더백·크로스백"
"buyma-130369225","미우미우 백팩 MIUMIU","미우미우;가방;백팩"
"buyma-130369456","미우미우 숄더백·크로스백 MIUMIU","미우미우;가방;숄더백·크로스백"
"buyma-130369618","미우미우 백팩 MIUMIU","미우미우;가방;백팩"
"buyma-130369770","미우미우 백팩 MIUMIU","미우미우;가방;백팩"
"buyma-130369814","미우미우 숄더백·크로스백 MIUMIU","미우미우;가방;숄더백·크로스백"
"buyma-130370029","미우미우 백팩 MIUMIU","미우미우;가방;백팩"
"buyma-130370929","셀린느 숄더백·크로스백 DENIM BLUE","셀린느;가방;숄더백·크로스백"
"buyma-130371068","셀린느 후디·스웨트","셀린느;의류;후디·스웨트"
"buyma-130371106","셀린느 후디·스웨트","셀린느;의류;후디·스웨트"
"buyma-130748388","셀린느 티셔츠·탑","셀린느;의류;티셔츠·탑"
"buyma-130748451","셀린느 티셔츠·탑","셀린느;의류;티셔츠·탑"
"buyma-130748484","셀린느 티셔츠·탑","셀린느;의류;티셔츠·탑"
"buyma-130748672","셀린느 티셔츠·탑","셀린느;의류;티셔츠·탑"
"buyma-130748701","셀린느 티셔츠·탑","셀린느;의류;티셔츠·탑"
"buyma-130750165","셀린느 캡","셀린느;모자;캡"
"buyma-130750984","셀린느 티셔츠·탑","셀린느;의류;티셔츠·탑"
"buyma-130751461","셀린느 후디·스웨트","셀린느;의류;후디·스웨트"
"buyma-130751525","셀린느 후디·스웨트","셀린느;의류;후디·스웨트"
"buyma-130751831","셀린느 재킷·블루종","셀린느;의류;재킷·블루종"
"buyma-130751993","셀린느 후디·스웨트","셀린느;의류;후디·스웨트"
"buyma-130752111","셀린느 티셔츠·탑","셀린느;의류;티셔츠·탑"
"buyma-131173834","프라다 재킷·블루종 Re-Nylon SGN998","프라다;의류;재킷·블루종"
"buyma-131173875","프라다 숄더백·크로스백 BH716","프라다;가방;숄더백·크로스백"
"buyma-131173963","프라다 숄더백·크로스백 BH716","프라다;가방;숄더백·크로스백"
"buyma-131174118","프라다 숄더백·크로스백 BA427","프라다;가방;숄더백·크로스백"
"buyma-131174198","프라다 샌들·슬리퍼","프라다;신발;샌들·슬리퍼"
"buyma-131174510","프라다 샌들·슬리퍼 XX692","프라다;신발;샌들·슬리퍼"
"buyma-131174783","프라다 샌들·슬리퍼","프라다;신발;샌들·슬리퍼"
"buyma-131174835","프라다 샌들·슬리퍼","프라다;신발;샌들·슬리퍼"
"buyma-131174937","프라다 샌들·슬리퍼","프라다;신발;샌들·슬리퍼"
"buyma-131175152","프라다 샌들·슬리퍼","프라다;신발;샌들·슬리퍼"
"buyma-131175291","프라다 샌들·슬리퍼","프라다;신발;샌들·슬리퍼"
"buyma-131175530","프라다 샌들·슬리퍼","프라다;신발;샌들·슬리퍼"
"buyma-131175591","프라다 샌들·슬리퍼","프라다;신발;샌들·슬리퍼"
"buyma-131175808","프라다 샌들·슬리퍼 XX751","프라다;신발;샌들·슬리퍼"
"buyma-131177850","끌로에 토트백 WOODY","끌로에;가방;토트백"
"buyma-131178063","끌로에 핸드백·미니백 WOODY","끌로에;가방;핸드백·미니백"
"buyma-131178398","끌로에 토트백 WOODY","끌로에;가방;토트백"
"buyma-131178573","끌로에 핸드백·미니백 WOODY","끌로에;가방;핸드백·미니백"
"buyma-131178772","끌로에 토트백 WOODY","끌로에;가방;토트백"
"buyma-131179304","끌로에 숄더백·크로스백 WOODY","끌로에;가방;숄더백·크로스백"
"buyma-131179652","끌로에 토트백 WOODY","끌로에;가방;토트백"
"buyma-131179936","끌로에 숄더백·크로스백 WOODY","끌로에;가방;숄더백·크로스백"
"buyma-131180404","끌로에 토트백 WOODY","끌로에;가방;토트백"
"buyma-131180634","끌로에 핸드백·미니백 WOODY","끌로에;가방;핸드백·미니백"
"buyma-131181034","끌로에 토트백 WOODY","끌로에;가방;토트백"
"buyma-131181122","끌로에 핸드백·미니백 WOODY","끌로에;가방;핸드백·미니백"
"buyma-131181577","끌로에 토트백 WAY","끌로에;가방;토트백"
"buyma-131181687","끌로에 숄더백·크로스백 WAY","끌로에;가방;숄더백·크로스백"
"buyma-131183480","아미 파리스 재킷·블루종 PUMA PU","아미 파리스;의류;재킷·블루종"
"buyma-131183629","아미 파리스 재킷·블루종 PUMA","아미 파리스;의류;재킷·블루종"
"buyma-131183656","아미 파리스 재킷·블루종 PUMA","아미 파리스;의류;재킷·블루종"
"buyma-131183734","아미 파리스 재킷·블루종 PUMA","아미 파리스;의류;재킷·블루종"
"buyma-131184299","아미 파리스 재킷·블루종 PUMA","아미 파리스;의류;재킷·블루종"
"buyma-131184345","아미 파리스 재킷·블루종 PUMA","아미 파리스;의류;재킷·블루종"
"buyma-131184374","아미 파리스 재킷·블루종 PUMA","아미 파리스;의류;재킷·블루종"
"buyma-131212112","아미 파리스 재킷·블루종 PUMA","아미 파리스;의류;재킷·블루종"
"buyma-131270571","미우미우 샌들·슬리퍼 Matelasse","미우미우;신발;샌들·슬리퍼"
"buyma-131270576","미우미우 샌들·슬리퍼 Matelasse","미우미우;신발;샌들·슬리퍼"
"buyma-131311094","알렉산더 왕 샌들·슬리퍼 Juile","알렉산더 왕;신발;샌들·슬리퍼"
"buyma-131311341","알렉산더 왕 샌들·슬리퍼","알렉산더 왕;신발;샌들·슬리퍼"
"buyma-131311380","알렉산더 왕 샌들·슬리퍼","알렉산더 왕;신발;샌들·슬리퍼"
"buyma-131312501","프라다 숄더백·크로스백","프라다;가방;숄더백·크로스백"
"buyma-131312519","프라다 토트백","프라다;가방;토트백"
"buyma-131312864","프라다 숄더백·크로스백","프라다;가방;숄더백·크로스백"
"buyma-131313618","프라다 토트백","프라다;가방;토트백"
"buyma-131313906","프라다 숄더백·크로스백","프라다;가방;숄더백·크로스백"
"buyma-131313952","프라다 토트백","프라다;가방;토트백"
"buyma-131314353","프라다 숄더백·크로스백","프라다;가방;숄더백·크로스백"
"buyma-131315085","프라다 숄더백·크로스백","프라다;가방;숄더백·크로스백"
"buyma-131315100","프라다 숄더백·크로스백","프라다;가방;숄더백·크로스백"
"buyma-131315601","프라다 숄더백·크로스백","프라다;가방;숄더백·크로스백"
"buyma-131320575","프라다 숄더백·크로스백","프라다;가방;숄더백·크로스백"
"buyma-131320591","프라다 토트백","프라다;가방;토트백"
"buyma-131320656","프라다 숄더백·크로스백","프라다;가방;숄더백·크로스백"
"buyma-131320709","프라다 숄더백·크로스백","프라다;가방;숄더백·크로스백"
"buyma-131321023","프라다 숄더백·크로스백","프라다;가방;숄더백·크로스백"
"buyma-131321127","프라다 숄더백·크로스백","프라다;가방;숄더백·크로스백"
"buyma-131321142","프라다 핸드백·미니백","프라다;가방;핸드백·미니백"
"buyma-131381099","프라다 숄더백·크로스백 Re-Edition BH204","프라다;가방;숄더백·크로스백"
"buyma-131381235","프라다 토트백 Re-Edition BH204","프라다;가방;토트백"
"buyma-131642839","끌로에 토트백","끌로에;가방;토트백"
"buyma-131643029","끌로에 토트백","끌로에;가방;토트백"
"buyma-131643144","끌로에 숄더백·크로스백","끌로에;가방;숄더백·크로스백"
"buyma-131922675","셀린느 샌들·슬리퍼 Triomphe","셀린느;신발;샌들·슬리퍼"
"buyma-131922774","셀린느 샌들·슬리퍼 Triomphe","셀린느;신발;샌들·슬리퍼"
"buyma-131922819","셀린느 샌들·슬리퍼 Triomphe","셀린느;신발;샌들·슬리퍼"
"buyma-131940885","더 로우 핸드백·미니백 Bag","더 로우;가방;핸드백·미니백"
"buyma-131940985","더 로우 핸드백·미니백 Bag","더 로우;가방;핸드백·미니백"
"buyma-131941133","더 로우 핸드백·미니백 Bag","더 로우;가방;핸드백·미니백"
"buyma-131941274","더 로우 핸드백·미니백 Bag","더 로우;가방;핸드백·미니백"
"buyma-131941296","더 로우 숄더백·크로스백 Bag","더 로우;가방;숄더백·크로스백"
"buyma-131941402","더 로우 핸드백·미니백 Park","더 로우;가방;핸드백·미니백"
"buyma-131941496","더 로우 숄더백·크로스백 Park","더 로우;가방;숄더백·크로스백"
"buyma-131941626","더 로우 핸드백·미니백 Park","더 로우;가방;핸드백·미니백"
"buyma-131941649","더 로우 숄더백·크로스백 Park","더 로우;가방;숄더백·크로스백"
"buyma-131941710","더 로우 핸드백·미니백 Park","더 로우;가방;핸드백·미니백"
"buyma-131941827","더 로우 핸드백·미니백 Half Moon","더 로우;가방;핸드백·미니백"
"buyma-131941865","더 로우 숄더백·크로스백 Half Moon","더 로우;가방;숄더백·크로스백"
"buyma-131941920","더 로우 핸드백·미니백 Half Moon","더 로우;가방;핸드백·미니백"
"buyma-131941967","더 로우 숄더백·크로스백 Half Moon","더 로우;가방;숄더백·크로스백"
"buyma-131942123","더 로우 샌들·슬리퍼 Fisherman","더 로우;신발;샌들·슬리퍼"
"buyma-131942144","더 로우 샌들·슬리퍼 Fisherman","더 로우;신발;샌들·슬리퍼"
"buyma-131942326","더 로우 샌들·슬리퍼 Black","더 로우;신발;샌들·슬리퍼"
"buyma-131942443","더 로우 샌들·슬리퍼 Ginza","더 로우;신발;샌들·슬리퍼"
"buyma-131942587","더 로우 샌들·슬리퍼 Ginza","더 로우;신발;샌들·슬리퍼"
"buyma-131942728","더 로우 샌들·슬리퍼 RC3","더 로우;신발;샌들·슬리퍼"
"buyma-131942807","더 로우 샌들·슬리퍼 RC3","더 로우;신발;샌들·슬리퍼"
"buyma-131942866","더 로우 핸드백·미니백 Half Moon","더 로우;가방;핸드백·미니백"
"buyma-131943035","더 로우 핸드백·미니백 Bag","더 로우;가방;핸드백·미니백"
"buyma-131943229","더 로우 핸드백·미니백 Park Tote","더 로우;가방;핸드백·미니백"
"buyma-131943328","더 로우 핸드백·미니백 Estelle","더 로우;가방;핸드백·미니백"
"buyma-131945374","셀린느 숄더백·크로스백 BESACE","셀린느;가방;숄더백·크로스백"
"buyma-131945404","셀린느 토트백 BESACE","셀린느;가방;토트백"
"buyma-131982568","로에베 숄더백·크로스백","로에베;가방;숄더백·크로스백"
"buyma-131982609","로에베 토트백","로에베;가방;토트백"
"buyma-131982667","로에베 숄더백·크로스백","로에베;가방;숄더백·크로스백"
"buyma-131982774","로에베 토트백","로에베;가방;토트백"
"buyma-131983021","로에베 숄더백·크로스백 Eclipse","로에베;가방;숄더백·크로스백"
"buyma-131983113","로에베 숄더백·크로스백","로에베;가방;숄더백·크로스백"
"buyma-131983140","로에베 토트백","로에베;가방;토트백"
"buyma-131983217","로에베 숄더백·크로스백","로에베;가방;숄더백·크로스백"
"buyma-131983258","로에베 숄더백·크로스백 Anagram","로에베;가방;숄더백·크로스백"
"buyma-131983454","로에베 숄더백·크로스백 Basket Resort","로에베;가방;숄더백·크로스백"
"buyma-131983470","로에베 숄더백·크로스백 Basket Resort","로에베;가방;숄더백·크로스백"
"buyma-131983586","로에베 숄더백·크로스백 Basket Square","로에베;가방;숄더백·크로스백"
"buyma-131983603","로에베 토트백 Basket Square","로에베;가방;토트백"
"buyma-131983817","로에베 숄더백·크로스백 Basket Square","로에베;가방;숄더백·크로스백"
"buyma-131983949","로에베 숄더백·크로스백","로에베;가방;숄더백·크로스백"
"buyma-131983977","로에베 토트백","로에베;가방;토트백"
"buyma-132167255","프라다 숄더백·크로스백 Re-Edition","프라다;가방;숄더백·크로스백"
"buyma-132167269","프라다 토트백 Re-Edition","프라다;가방;토트백"
"buyma-132167305","프라다 숄더백·크로스백 Hobo","프라다;가방;숄더백·크로스백"
"buyma-132167417","프라다 숄더백·크로스백","프라다;가방;숄더백·크로스백"
"buyma-132167514","프라다 숄더백·크로스백 Re-Edition Hobo","프라다;가방;숄더백·크로스백"
"buyma-132167516","프라다 숄더백·크로스백 Re-Edition Hobo","프라다;가방;숄더백·크로스백"
"buyma-132167527","프라다 토트백 Re-Edition Hobo","프라다;가방;토트백"
"buyma-132167651","프라다 숄더백·크로스백","프라다;가방;숄더백·크로스백"
"buyma-132167666","프라다 핸드백·미니백","프라다;가방;핸드백·미니백"
"buyma-132167901","프라다 숄더백·크로스백 Re-Nylon2WAY","프라다;가방;숄더백·크로스백"
"buyma-132167911","프라다 숄더백·크로스백 Re-Nylon2WAY","프라다;가방;숄더백·크로스백"
"buyma-132167973","프라다 숄더백·크로스백 Re-Nylon3WAY","프라다;가방;숄더백·크로스백"
"buyma-132167979","프라다 숄더백·크로스백 Re-Nylon3WAY","프라다;가방;숄더백·크로스백"
"buyma-132167983","프라다 숄더백·크로스백 Re-Nylon3WAY","프라다;가방;숄더백·크로스백"
"buyma-132228634","프라다 숄더백·크로스백 Re-Edition","프라다;가방;숄더백·크로스백"
"buyma-132228734","프라다 숄더백·크로스백 Re-Edition","프라다;가방;숄더백·크로스백"
"buyma-132228829","프라다 숄더백·크로스백 Triangle Logo","프라다;가방;숄더백·크로스백"
"buyma-132228834","프라다 토트백 Triangle Logo","프라다;가방;토트백"
"buyma-132228893","프라다 숄더백·크로스백 Duet","프라다;가방;숄더백·크로스백"
"buyma-132228973","프라다 숄더백·크로스백 Re-Edition","프라다;가방;숄더백·크로스백"
"buyma-132228989","프라다 토트백 Re-Edition","프라다;가방;토트백"
"buyma-132229040","프라다 숄더백·크로스백 Re-Edition","프라다;가방;숄더백·크로스백"
"buyma-132229048","프라다 토트백 Re-Edition","프라다;가방;토트백"
"buyma-132229164","셀린느 숄더백·크로스백 Claude","셀린느;가방;숄더백·크로스백"
"buyma-132229174","셀린느 토트백 Claude","셀린느;가방;토트백"
"buyma-132229219","셀린느 숄더백·크로스백 Claude","셀린느;가방;숄더백·크로스백"
"buyma-132229226","셀린느 토트백 Claude","셀린느;가방;토트백"
"buyma-132229282","셀린느 숄더백·크로스백 Triomphe","셀린느;가방;숄더백·크로스백"
"buyma-132229297","셀린느 토트백 Triomphe","셀린느;가방;토트백"
"buyma-132229997","셀린느 숄더백·크로스백 Folco","셀린느;가방;숄더백·크로스백"
"buyma-132230008","셀린느 토트백 Folco","셀린느;가방;토트백"
"buyma-132230089","셀린느 숄더백·크로스백 Triomphe","셀린느;가방;숄더백·크로스백"
"buyma-132230091","셀린느 숄더백·크로스백 Triomphe","셀린느;가방;숄더백·크로스백"
"buyma-132230149","셀린느 숄더백·크로스백","셀린느;가방;숄더백·크로스백"
"buyma-132230198","셀린느 숄더백·크로스백 Cuir Triomphe","셀린느;가방;숄더백·크로스백"
"buyma-132230205","셀린느 핸드백·미니백 Cuir Triomphe","셀린느;가방;핸드백·미니백"
"buyma-132230243","셀린느 숄더백·크로스백 Cuir Triomphe","셀린느;가방;숄더백·크로스백"
"buyma-132230247","셀린느 토트백 Cuir Triomphe","셀린느;가방;토트백"
"buyma-132230288","셀린느 숄더백·크로스백 Cuir Triomphe","셀린느;가방;숄더백·크로스백"
"buyma-132230293","셀린느 토트백 Cuir Triomphe","셀린느;가방;토트백"
"buyma-132230465","셀린느 숄더백·크로스백 AVA","셀린느;가방;숄더백·크로스백"
"buyma-132230472","셀린느 토트백 AVA","셀린느;가방;토트백"
"buyma-132253945","프라다 반지갑·카드지갑","프라다;지갑·소품;반지갑·카드지갑"
"buyma-132265382","셀린느 버킷햇·햇 Logo","셀린느;모자;버킷햇·햇"
"buyma-132265549","셀린느 버킷햇·햇 Logo","셀린느;모자;버킷햇·햇"
"buyma-132266371","셀린느 버킷햇·햇 Logo","셀린느;모자;버킷햇·햇"
"buyma-132266427","셀린느 버킷햇·햇 Logo","셀린느;모자;버킷햇·햇"
"buyma-132267198","셀린느 캡 CAP","셀린느;모자;캡"
"buyma-132267259","셀린느 캡 CAP","셀린느;모자;캡"
"buyma-132267630","셀린느 버킷햇·햇 Logo","셀린느;모자;버킷햇·햇"
"buyma-132267655","셀린느 버킷햇·햇 Logo","셀린느;모자;버킷햇·햇"
"buyma-132267750","셀린느 버킷햇·햇 Logo","셀린느;모자;버킷햇·햇"
"buyma-132267774","셀린느 버킷햇·햇 Logo","셀린느;모자;버킷햇·햇"
"buyma-132397317","프라다 토트백 BH104 Re-Edition","프라다;가방;토트백"
"buyma-132397443","프라다 토트백 SS","프라다;가방;토트백"
"buyma-132397508","프라다 토트백 SS","프라다;가방;토트백"
"buyma-132397727","프라다 토트백","프라다;가방;토트백"
"buyma-132397881","프라다 토트백","프라다;가방;토트백"
"buyma-132397977","프라다 토트백 WAY","프라다;가방;토트백"
"buyma-132398096","프라다 숄더백·크로스백 Re-Edition BC225-R789-F0002","프라다;가방;숄더백·크로스백"
"buyma-132398167","프라다 숄더백·크로스백 BH152 DGX","프라다;가방;숄더백·크로스백"
"buyma-132523047","셀린느 다운·패딩","셀린느;의류;다운·패딩"
"buyma-132523099","셀린느 후디·스웨트","셀린느;의류;후디·스웨트"
"buyma-132523110","셀린느 후디·스웨트","셀린느;의류;후디·스웨트"
"buyma-132523117","셀린느 후디·스웨트","셀린느;의류;후디·스웨트"
"buyma-132523122","셀린느 후디·스웨트","셀린느;의류;후디·스웨트"
"buyma-132706335","프라다 샌들·슬리퍼","프라다;신발;샌들·슬리퍼"
"buyma-132706394","프라다 샌들·슬리퍼","프라다;신발;샌들·슬리퍼"
"buyma-133472237","셀린느 캡","셀린느;모자;캡"
"buyma-133698541","셀린느 반지갑·카드지갑","셀린느;지갑·소품;반지갑·카드지갑"
"buyma-133726027","로에베 티셔츠·탑","로에베;의류;티셔츠·탑"
"buyma-133920802","프라다 샌들·슬리퍼","프라다;신발;샌들·슬리퍼"
"buyma-133970313","아미 파리스 후디·스웨트 AMIPARIS De","아미 파리스;의류;후디·스웨트"
"buyma-133970341","아미 파리스 후디·스웨트 AMIPARIS De","아미 파리스;의류;후디·스웨트"
"buyma-134267049","프라다 숄더백·크로스백 FW25 VL977","프라다;가방;숄더백·크로스백"
"buyma-134592754","미우미우 부츠 MiuMiu Leather","미우미우;신발;부츠"
"buyma-134592835","미우미우 부츠 MiuMiu Leather","미우미우;신발;부츠"
"buyma-134593075","미우미우 부츠 MiuMiu Leather","미우미우;신발;부츠"
"buyma-134593662","미우미우 부츠 MiuMiu Leather","미우미우;신발;부츠"
"buyma-134686555","셀린느 캡","셀린느;모자;캡"
"buyma-134686629","셀린느 캡","셀린느;모자;캡"
"buyma-134686664","셀린느 캡","셀린느;모자;캡"
"buyma-134687074","프라다 샌들·슬리퍼 cm","프라다;신발;샌들·슬리퍼"
"buyma-134754459","아미 파리스 재킷·블루종 PUMAxAMI","아미 파리스;의류;재킷·블루종"
"buyma-134772610","로에베 티셔츠·탑","로에베;의류;티셔츠·탑"
"buyma-134772628","로에베 티셔츠·탑","로에베;의류;티셔츠·탑"
"buyma-134772641","로에베 티셔츠·탑 SS","로에베;의류;티셔츠·탑"
"buyma-134772650","로에베 티셔츠·탑 SS","로에베;의류;티셔츠·탑"
"buyma-134772655","로에베 티셔츠·탑 SS","로에베;의류;티셔츠·탑"
"buyma-134772699","로에베 티셔츠·탑 SS","로에베;의류;티셔츠·탑"
"buyma-134772753","로에베 티셔츠·탑 SS","로에베;의류;티셔츠·탑"
"buyma-134772823","로에베 티셔츠·탑","로에베;의류;티셔츠·탑"
"buyma-134772907","로에베 티셔츠·탑","로에베;의류;티셔츠·탑"
"buyma-134772945","로에베 티셔츠·탑","로에베;의류;티셔츠·탑"
"buyma-134779212","더 로우 핸드백·미니백 Margaux Black","더 로우;가방;핸드백·미니백"
"buyma-134779419","더 로우 핸드백·미니백 Small India","더 로우;가방;핸드백·미니백"
"buyma-134779462","더 로우 핸드백·미니백 Small India","더 로우;가방;핸드백·미니백"
"buyma-134779709","더 로우 핸드백·미니백 Terrasse Bauletto","더 로우;가방;핸드백·미니백"
"buyma-134780112","더 로우 핸드백·미니백 Idaho XL","더 로우;가방;핸드백·미니백"
"buyma-134780232","더 로우 핸드백·미니백 Belvedere w1664-l72","더 로우;가방;핸드백·미니백"
"buyma-134780383","더 로우 핸드백·미니백 Medium Park","더 로우;가방;핸드백·미니백"
"buyma-134780495","더 로우 숄더백·크로스백 Small Park","더 로우;가방;숄더백·크로스백"
"buyma-134782307","프라다 숄더백·크로스백 Powder Blue","프라다;가방;숄더백·크로스백"
"buyma-134782335","프라다 토트백 SS","프라다;가방;토트백"
"buyma-134787653","프라다 티셔츠·탑 SS22","프라다;의류;티셔츠·탑"
"buyma-134787969","로에베 티셔츠·탑","로에베;의류;티셔츠·탑"
"buyma-134788840","프라다 티셔츠·탑 SS22","프라다;의류;티셔츠·탑"
"buyma-134789211","셀린느 티셔츠·탑 Triomphe","셀린느;의류;티셔츠·탑"
"buyma-134789231","셀린느 캡","셀린느;모자;캡"
"buyma-134789310","셀린느 후디·스웨트","셀린느;의류;후디·스웨트"
"buyma-134791140","셀린느 티셔츠·탑","셀린느;의류;티셔츠·탑"
"buyma-134791162","셀린느 티셔츠·탑 Triomphe Mini","셀린느;의류;티셔츠·탑"
"buyma-134791948","셀린느 티셔츠·탑 Logo Knit","셀린느;의류;티셔츠·탑"
"buyma-134792109","셀린느 후디·스웨트 Logo Band","셀린느;의류;후디·스웨트"
"buyma-134792794","셀린느 후디·스웨트 Rib Knit","셀린느;의류;후디·스웨트"
"buyma-134795181","셀린느 후디·스웨트 Logo Band","셀린느;의류;후디·스웨트"
"buyma-134795269","셀린느 티셔츠·탑","셀린느;의류;티셔츠·탑"
"buyma-134795306","셀린느 티셔츠·탑","셀린느;의류;티셔츠·탑"
"buyma-134795601","셀린느 티셔츠·탑","셀린느;의류;티셔츠·탑"
"buyma-134795640","셀린느 티셔츠·탑","셀린느;의류;티셔츠·탑"
"buyma-134795762","셀린느 티셔츠·탑","셀린느;의류;티셔츠·탑"
"buyma-134797090","셀린느 티셔츠·탑","셀린느;의류;티셔츠·탑"
"buyma-134797492","셀린느 티셔츠·탑 Horse Carriage","셀린느;의류;티셔츠·탑"
"buyma-134797525","셀린느 티셔츠·탑 Horse Carriage","셀린느;의류;티셔츠·탑"
"buyma-134798326","셀린느 티셔츠·탑 Horse Carriage","셀린느;의류;티셔츠·탑"
"buyma-134798444","셀린느 티셔츠·탑 SS25","셀린느;의류;티셔츠·탑"
"buyma-134798603","셀린느 티셔츠·탑","셀린느;의류;티셔츠·탑"
"buyma-134798700","셀린느 티셔츠·탑 Logo Crop","셀린느;의류;티셔츠·탑"
"buyma-134799084","셀린느 티셔츠·탑 SS25 Logo","셀린느;의류;티셔츠·탑"
"buyma-134799143","셀린느 티셔츠·탑 SS22","셀린느;의류;티셔츠·탑"
"buyma-134799223","셀린느 티셔츠·탑 SS25","셀린느;의류;티셔츠·탑"
"buyma-134799569","셀린느 티셔츠·탑 SS25","셀린느;의류;티셔츠·탑"
"buyma-134799674","셀린느 티셔츠·탑 FW24","셀린느;의류;티셔츠·탑"
"buyma-134800048","셀린느 티셔츠·탑 FW23","셀린느;의류;티셔츠·탑"
"buyma-134801281","셀린느 티셔츠·탑 Triomphe Knit","셀린느;의류;티셔츠·탑"
"buyma-134801900","셀린느 티셔츠·탑 SS25","셀린느;의류;티셔츠·탑"
"buyma-134802293","셀린느 티셔츠·탑","셀린느;의류;티셔츠·탑"
"buyma-134802525","셀린느 티셔츠·탑 SS25","셀린느;의류;티셔츠·탑"
"buyma-134802648","셀린느 티셔츠·탑","셀린느;의류;티셔츠·탑"
"buyma-134802942","셀린느 티셔츠·탑","셀린느;의류;티셔츠·탑"
"buyma-134848339","셀린느 숄더백·크로스백 Tilly Triomphe","셀린느;가방;숄더백·크로스백"
"buyma-134848370","셀린느 숄더백·크로스백 Tilly","셀린느;가방;숄더백·크로스백"
"buyma-134940212","셀린느 티셔츠·탑 Rib Knit","셀린느;의류;티셔츠·탑"
"buyma-134940264","셀린느 티셔츠·탑 Logo Band","셀린느;의류;티셔츠·탑"
"buyma-134987739","토템 핸드백·미니백 Dark Brown","토템;가방;핸드백·미니백"
"buyma-134988014","토템 핸드백·미니백 T-Lock","토템;가방;핸드백·미니백"
"buyma-134988198","토템 핸드백·미니백 T-Lock Bucket","토템;가방;핸드백·미니백"
"buyma-134988209","토템 핸드백·미니백 Bucket","토템;가방;핸드백·미니백"
"buyma-134988238","토템 숄더백·크로스백 Mini WAY","토템;가방;숄더백·크로스백"
"buyma-134988258","토템 핸드백·미니백 T-Lock WAY","토템;가방;핸드백·미니백"
"buyma-134988300","토템 숄더백·크로스백 Tote","토템;가방;숄더백·크로스백"
"buyma-134988386","토템 숄더백·크로스백 Black","토템;가방;숄더백·크로스백"
"buyma-134988721","토템 핸드백·미니백 Brown","토템;가방;핸드백·미니백"
"buyma-134988871","토템 숄더백·크로스백 T-Lock Beige","토템;가방;숄더백·크로스백"
"buyma-134988899","토템 숄더백·크로스백 T-Lock Black","토템;가방;숄더백·크로스백"
"buyma-134988913","토템 숄더백·크로스백 T-Lock Black","토템;가방;숄더백·크로스백"
"buyma-134989010","토템 핸드백·미니백 Black","토템;가방;핸드백·미니백"
"buyma-134989450","토템 숄더백·크로스백 Day Suede","토템;가방;숄더백·크로스백"
"buyma-135113435","로에베 샌들·슬리퍼 Petal Anagram","로에베;신발;샌들·슬리퍼"
"buyma-135151111","미우미우 숄더백·크로스백 miumiu","미우미우;가방;숄더백·크로스백"
"buyma-135151331","미우미우 티셔츠·탑 FW24 POLO","미우미우;의류;티셔츠·탑"
"buyma-135173156","미우미우 숄더백·크로스백 Solitaire","미우미우;가방;숄더백·크로스백"
"buyma-135173461","미우미우 숄더백·크로스백","미우미우;가방;숄더백·크로스백"
"buyma-135310183","프라다 샌들·슬리퍼 Soft","프라다;신발;샌들·슬리퍼"
"buyma-135310270","프라다 샌들·슬리퍼","프라다;신발;샌들·슬리퍼"
"buyma-135312785","메종 마르지엘라 숄더백·크로스백 Glam Slam","메종 마르지엘라;가방;숄더백·크로스백"
"buyma-135312803","메종 마르지엘라 백팩 Glam Slam","메종 마르지엘라;가방;백팩"
"buyma-135312815","메종 마르지엘라 백팩 Glam Slam","메종 마르지엘라;가방;백팩"
"buyma-135312831","메종 마르지엘라 숄더백·크로스백 AC WAY","메종 마르지엘라;가방;숄더백·크로스백"
"buyma-135343207","메종 마르지엘라 숄더백·크로스백 Box","메종 마르지엘라;가방;숄더백·크로스백"
"buyma-135343580","메종 마르지엘라 숄더백·크로스백 AC WAY","메종 마르지엘라;가방;숄더백·크로스백"
"buyma-135343890","메종 마르지엘라 숄더백·크로스백","메종 마르지엘라;가방;숄더백·크로스백"
"buyma-135345047","미우미우 숄더백·크로스백 Matelasse","미우미우;가방;숄더백·크로스백"
"buyma-135345237","프라다 숄더백·크로스백","프라다;가방;숄더백·크로스백"
